req_id,title,department,location,work_location_option,posted_date,url,roles_responsibilities,basic_qualifications,preferred_qualifications
R10226250,Pricing Analyst,Business Management Mult-Func,"Sunnyvale, CA, US; San Diego, CA, US; Los Angeles, CA, US",hybrid,5/22/2026,https://jobs.northropgrumman.com/careers/job/1340070693197,"Prepare pricing backup (i.e., Detailed Material Summary Report (DMSR), proposal visibility files, and cost volumes)

Work on multiple proposals simultaneously 

Research and analyze historical data, develops cost models to support proposal efforts

Review Basis of Estimates, provide author feedback, and ensure compliance with FAR part 15

Develop certifiable cost volumes with a high attention to detail to ensure correct formatting, correct enclosures/disclosures, and accurate data

Communicate with Material Estimating, Contracts, GSC, and PMO to correctly price solicitations in alignment with product/sales strategy and revenue recognition requirements

Update databases with pricing dates

Coordinate activities and participate in fact-finding meetings

Participate as a member of the contract negotiating team

Support proposal audits and negotiations with customers 

Support the internal certification and external certification process

The successful candidate will have strong attention to detail, the ability to build customer relationships, and the ability to make decisions in a timely manner, under tight deadlines.","Bachelor’s degree with 2 years of experience in business management, contracts, pricing, supply chain, or related field (i.e. project management, etc.) – OR – Master’s degree with 1 year of experience in business management, contract, pricing, supply chain, or related field (i.e. project management, etc.)

Experience in pricing, negotiating, or administering various contract types

Experience with MS Office Suite, specifically Excel and Word

Knowledge of FAR and DFARS

US Citizenship","Experience working with DoD proposals

Experience with cost accounting, pricing and estimating concepts and principles

What We Can Offer You – 

Northrop Grumman provides a comprehensive benefits package and a work environment which encourages your growth and supports the mutual success of our people and our company. Northrop Grumman benefits give you the flexibility and control to choose the benefits that make the most sense for you and your family.

Your benefits will include the following: Health Plan, Savings Plan, Paid Time Off and Additional Benefits including Education Assistance, Training and Development, 9/80 Work Schedule (where available), and much more!

Primary Level Salary Range: $75,800.00 - $113,800.00

The above salary range represents a general guideline; however, Northrop Grumman considers a number of factors when determining base salary offers such as the scope and responsibilities of the position and the candidate's experience, education, skills and current market conditions.

Depending on the position, employees may be eligible for overtime, shift differential, and a discretionary bonus in addition to base pay. Annual bonuses are designed to reward individual contributions as well as allow employees to share in company results. Employees in Vice President or Director positions may be eligible for Long Term Incentives. In addition, Northrop Grumman provides a variety of benefits including health insurance coverage, life and disability insurance, savings plan, Company paid holidays and paid time off (PTO) for vacation and/or personal business."
R10233248,Associate Electrical Engineer/ Electrical Engineer - 17621,Electrical,"Huntsville, AL, US; Roy, UT, US",onsite,5/22/2026,https://jobs.northropgrumman.com/careers/job/1340071772581,"Supporting design requirements for electrical power generation, conversion and distribution systems, and circuit protective requirements for ground systems including Electrical System Analysis, test procedures, power architectures, reports, analyses, and other power related deliverables.

Attending internal program, customer and/or supplier technical exchange meetings and/or formal program milestone reviews to provide and/or obtain progress status updates.

Working in a fast-paced work environment with high expectations, significantly diverse assignments, and collaborative/team settings across all levels.

Ensure appropriate coordination between facility electrical design and other integration teams.

Integration and documentation of electrical systems designs for the weapon system. Coordinate electrical system engineering content and work products.

May perform research, evaluation, and systems integration in electrical or electro-mechanical systems, cables, connectors, power systems, test equipment, and more.

Possess strong interpersonal skills to work effectively to understand system level interdependencies that impact electrical requirements and design constraints.

Demonstrate leadership principles – Integrity, respect, organizational, communication etc.","Associate Electrical Engineer:

Bachelor’s degree in a Science, Technology, Engineering, or Mathematics (STEM) discipline from an accredited university and 1 year of experience

Engineer Electrical:

Bachelor’s degree in a Science, Technology, Engineering, or Mathematics (STEM) discipline from an accredited university and 2 years of experience, or 0 years of experience with a Master’s

Both Levels:

Must have the ability to obtain and maintain Special Access Program (SAP) approval within a reasonable period of time, as determined by the company to meet its business needs.

Knowledgeable with Siemens Teamcenter PLM or equivalent.

Electrical engineering experience in at least two of the following fields: electrical architecture, power system and power equipment design, development and test of mixed signal circuits, interface definition (internal and/or external), or power distribution.

Experience utilizing power-system design and/or analysis software tools such as ETAP, PSS/E, SKM?(PTW), Easy?Power, PSCAD or equivalent.

Knowledge of industry/military codes and standards, including mil-specs, IEEE, NEC, NESC, NFPA, IEC, and UFC.

Comfortable with understanding industry codes, standards, specifications, and mil-specs.

Working knowledge of Microsoft (MS) Office Suite (Word, Excel, Power Point, etc).""

Must be a US Citizen","Previous NGC internship preferred. 

An active DoD Secret Clearance.

Working experience utilizing power-system design and/or analysis software tools such as ETAP, PSS/E, SKM?(PTW), Easy/Power or PSCAD.  

Electrical-design experience in CAD (e.g., NX, Revit) or equivalent.

Working experience designing, troubleshooting (RCA) and/or implementing ground-power, facility-power and launch-power systems.  

Experience with high-power and/or high-frequency systems, including power-electronics.  

Knowledge of EMI/EMC design, shielding techniques, and thermal management for electronic systems.  

Experience using simulation and analysis tools such as ANSYS, MATLAB, or equivalents.""

As a full-time employee of Northrop Grumman Space Systems, you are eligible for our robust benefits package including:  

- Medical, Dental & Vision coverage  
- 401k  
- Educational Assistance  
- Life Insurance  
- Employee Assistance Programs & Work/Life Solutions  
- Paid Time Off  
- Health & Wellness Resources  
- Employee Discounts 

This positions standard work schedule is a 9/80. The 9/80 schedule allows employees who work a nine-hour day Monday through Thursday to take every other Friday off. This role may offer a competitive relocation assistance package.

Primary Level Salary Range: $65,800.00 - $98,800.00

Secondary Level Salary Range: $79,300.00 - $118,900.00

The above salary range represents a general guideline; however, Northrop Grumman considers a number of factors when determining base salary offers such as the scope and responsibilities of the position and the candidate's experience, education, skills and current market conditions.

Depending on the position, employees may be eligible for overtime, shift differential, and a discretionary bonus in addition to base pay. Annual bonuses are designed to reward individual contributions as well as allow employees to share in company results. Employees in Vice President or Director positions may be eligible for Long Term Incentives. In addition, Northrop Grumman provides a variety of benefits including health insurance coverage, life and disability insurance, savings plan, Company paid holidays and paid time off (PTO) for vacation and/or personal business."
R10233978,Industrial Engineer,Material/Process,"Sunnyvale, CA, US",onsite,5/22/2026,https://jobs.northropgrumman.com/careers/job/1340071841551,,,
R10233859,Software Quality Engineer - level 2,Mission/Quality Assurance,"Huntsville, AL, US",onsite,5/21/2026,https://jobs.northropgrumman.com/careers/job/1340071828506,"Assist with code reviews, product reviews, configuration audits, test witnessing, and post-test analysis as needed.

Support individual product scrum team(s) by attending meetings and monitoring the health of the product(s). Offer suggestions for improvement to the software leadership.

Assist with Software Quality reporting metrics when required.

Become fluent in the use of tools: Jira, Confluence, DOORS or others as needed.

Maintain a focus on software quality, collaboration, process and continuous improvement.

Review, develop and implement Software Quality related procedures and processes.

Participate in internal and external audits as required.

Collaborate with engineering, test, chief engineering office, and product teams throughout the software development lifecycle.

Support local lab activities to include software installations and testing.

Potential travel to field sites to support GWS activities, as required.

Due to the nature of the role, this is not offered as a teleworking or hybrid position.","Bachelor's degree in a STEM (Science, Technology, Engineering or Mathematics) discipline with a minimum of 2 years related experience; 0 Years with Masters.

Must be able to obtain an active U.S. Government DoD Secret security clearance at time of application

Experience using metrics for process health and performance monitoring

Experience in prioritizing tasks and meeting deadlines

Experience evaluating, tracing, and analysis of requirements

• Software development lifecycle experience","An active DoD Secret Clearance

Experience developing and implementing Software Quality Assurance plans

Experience in process monitoring, data collection, analysis, and metric reporting

Experience in Peer Reviews and Code Reviews

Experience in software build qualification testing (specifically automation)

Able to read and understand Software Code.

Experience using computer programming language(s).

Ability to understand and work with multiple enterprise-wide systems and software problem tracking tools (e.g., SAP, DOORs, Jira, Confluence)

Experience in audits of engineering processes.

AS9100 experience.

Experience with an Agile software development program

What We Can Offer You: 

Northrop Grumman offers a comprehensive benefits package and a work environment that promotes your growth, supporting both employees and the company's success. The benefits at Northrop Grumman are flexible and customizable, allowing you to select options that best meet your needs and those of your family. Your benefits will include the following: 

Health Plan 

Savings Plan  

Paid Time Off 

Education Assistance 

Training and Development 

Flexible Work Arrangements  

https://benefits.northropgrumman.com/us/en2/BenefitsOverview/Pages/default.aspx 

#NGSpace 

#ALSpace 

#NGFeaturedJobs 

Primary Level Salary Range: $79,600.00 - $119,400.00

The above salary range represents a general guideline; however, Northrop Grumman considers a number of factors when determining base salary offers such as the scope and responsibilities of the position and the candidate's experience, education, skills and current market conditions.

Depending on the position, employees may be eligible for overtime, shift differential, and a discretionary bonus in addition to base pay. Annual bonuses are designed to reward individual contributions as well as allow employees to share in company results. Employees in Vice President or Director positions may be eligible for Long Term Incentives. In addition, Northrop Grumman provides a variety of benefits including health insurance coverage, life and disability insurance, savings plan, Company paid holidays and paid time off (PTO) for vacation and/or personal business."
R10233687,Engineer Energetics Manufacturing,Material/Process,"Corinne, UT, US",onsite,5/21/2026,https://jobs.northropgrumman.com/careers/job/1340071800240,,,"Experience with Manufacturing Planning and MRP software

Experience with PLM Software (Teamcenter, Windchill, etc.)

Experience with using 3D modeling software (Solidworks, NX, Pro-E, etc.)

Experience working with Aerospace standards and the implementation of standards across cross-functional teams

Experience with chemical and mechanical bonding processes—rubber and composite molding processes

Primary Level Salary Range: $79,300.00 - $118,000.00

The above salary range represents a general guideline; however, Northrop Grumman considers a number of factors when determining base salary offers such as the scope and responsibilities of the position and the candidate's experience, education, skills and current market conditions.

Depending on the position, employees may be eligible for overtime, shift differential, and a discretionary bonus in addition to base pay. Annual bonuses are designed to reward individual contributions as well as allow employees to share in company results. Employees in Vice President or Director positions may be eligible for Long Term Incentives. In addition, Northrop Grumman provides a variety of benefits including health insurance coverage, life and disability insurance, savings plan, Company paid holidays and paid time off (PTO) for vacation and/or personal business."
R10233691,Engineer Hardware,Material/Process,"San Diego, CA, US",onsite,5/21/2026,https://jobs.northropgrumman.com/careers/job/1340071800260,,"Hardware Engineer (Level 2)

Bachelor's degree in Electrical Engineering or related STEM field plus 2 or more years of relevant experience; or a Master's degree in Electrical Engineering or related STEM field plus 0 years of experience.

Experience reading and interpreting specifications, schematics and block diagrams

Experience with RF test equipment such as an oscilloscope, power meter, spectrum analyzer, and signal generators

Experience with RF/Digital hardware and software

Basic Understanding of VHDL Concepts & Programming

Hands-on troubleshooting of electrical/electro-mechanical hardware

Must have the ability to obtain and maintain a US Secret clearance within a reasonable amount of time as determined by business needs

US Citizenship","U.S. Secret Security Clearance

Experience with FPGAs, VHDL programming, advanced troubleshooting techniques

Education Background in Electrical or Software Engineering

Familiarity with Manufacturing Operations

Familiarity with the Agile process

LABVIEW or TestStand Experience

What We Can Offer You:

Northrop Grumman provides a comprehensive benefits package and a work environment which encourages your growth and supports the mutual success of our people and our company. Northrop Grumman benefits give you the flexibility and control to choose the benefits that make the most sense for you and your family.

Your benefits will include the following: Health Plan, Savings Plan, Paid Time Off and Additional Benefits including Education Assistance, Training and Development, 9/80 Work Schedule (where available), and much more!

Primary Level Salary Range: $83,400.00 - $125,200.00

The above salary range represents a general guideline; however, Northrop Grumman considers a number of factors when determining base salary offers such as the scope and responsibilities of the position and the candidate's experience, education, skills and current market conditions.

Depending on the position, employees may be eligible for overtime, shift differential, and a discretionary bonus in addition to base pay. Annual bonuses are designed to reward individual contributions as well as allow employees to share in company results. Employees in Vice President or Director positions may be eligible for Long Term Incentives. In addition, Northrop Grumman provides a variety of benefits including health insurance coverage, life and disability insurance, savings plan, Company paid holidays and paid time off (PTO) for vacation and/or personal business."
R10233885,Supply Chain Operations Coordinator 3,Global Supply Chain Mult-Func,"Redondo Beach, CA, US",onsite,5/21/2026,https://jobs.northropgrumman.com/careers/job/1340071829387,"These employees are primarily responsible for the manual receiving, storage, movement or shipping, and disbursement of hardware, materials, and tooling.Provides administrative, technical, tactical and execution support in various aspects of the industry standard supply chain business process areas, primarily Engineering Property System, Supply Chain Logistics, as well as Supply Chain Operations.Performs a combination of manual and clerical duties which may require the use of hand trucks, forklifts, company vehicles, as well as computers and various application to process and maintain data.Pulls and assembles kits in accordance with schedules and delivers to production areas.Performs kit validation and identifies kit shortages.Creates LOOIE bundles for kitted items and performs daily scans of work in progress (WIP) in production areas.Performs Order Bill of Material (OBOM) updates as needed.Ensures all inventory locations are updated in SAP, Solumina, and LOOIE.Coordinates movement of hardware, materials, and tooling to various destinations through the courier or Transportation Department.

This position’s standard work schedule is a 9/80. The 9/80 schedule allows employees who work a nine-hour day Monday through Thursday to take every other Friday off.","High School diploma or equivalent and at least 4 years of experience in logistics support, shipping/receiving, manufacturing shop floor, warehousing, and/or inventory controlAbility to work in MS 365, Excel, Word, and Power PointExperience in SAP S4 Goods Issuing and Goods ReceivingExcellent communication skills dealing with customers and suppliersMust have the ability to lift up to 25 lbs.Ability to obtain / maintain DoD Secret Clearance within a reasonable period of time, as determined by the company to meet its business needs (after starting).","Experience working in Manufacturing Area or Production ControlKnowledge and experience working with hardware inventory and reconciliationExperience in Solumina operation buy offsAdvance experience in SAP S4 Goods Issue and Good Receiving transactionsMust know how to read Stores Pick Tickets in comparison to SAP OBOMsExperience in working with inventory in STPC, STCR, and STOIExperience working in a warehouse environmentKnowledge of Supply Chain processesActive DoD Secret Clearance

As a full-time employee of Northrop Grumman Space Systems, you are eligible for our robust benefits package including:

Medical, Dental & Vision coverage401kEducational AssistanceLife InsuranceEmployee Assistance Programs & Work/Life SolutionsPaid Time OffHealth & Wellness ResourcesEmployee Discounts

Primary Level Salary Range: $51,000.00 - $85,000.00

The above salary range represents a general guideline; however, Northrop Grumman considers a number of factors when determining base salary offers such as the scope and responsibilities of the position and the candidate's experience, education, skills and current market conditions.

Depending on the position, employees may be eligible for overtime, shift differential, and a discretionary bonus in addition to base pay. Annual bonuses are designed to reward individual contributions as well as allow employees to share in company results. Employees in Vice President or Director positions may be eligible for Long Term Incentives. In addition, Northrop Grumman provides a variety of benefits including health insurance coverage, life and disability insurance, savings plan, Company paid holidays and paid time off (PTO) for vacation and/or personal business."
R10233938,Quality Analyst - 16490-1,Mission and Quality Assurance,"Ogden, UT, US",onsite,5/21/2026,https://jobs.northropgrumman.com/careers/job/1340071830323,,,
R10233743,Associate HR Business Partner/HR Business Partner - Melbourne FL,Human Resources Mult-Func,"Melbourne, FL, US",onsite,5/21/2026,https://jobs.northropgrumman.com/careers/job/1340071801875,,,"Strong technical competence across one or more HR disciplines:

Leadership Development

Talent Management

Employee Relations

Demonstrated experience in prioritizing the workday, balancing multiple projects, and working across multiple deadlines

Proficiency in Workday

Previous HR experience in Aerospace & Defense

Current/active US Government clearance

Primary Level Salary Range: $65,500.00 - $98,300.00

Secondary Level Salary Range: $54,400.00 - $81,600.00

The above salary range represents a general guideline; however, Northrop Grumman considers a number of factors when determining base salary offers such as the scope and responsibilities of the position and the candidate's experience, education, skills and current market conditions.

Depending on the position, employees may be eligible for overtime, shift differential, and a discretionary bonus in addition to base pay. Annual bonuses are designed to reward individual contributions as well as allow employees to share in company results. Employees in Vice President or Director positions may be eligible for Long Term Incentives. In addition, Northrop Grumman provides a variety of benefits including health insurance coverage, life and disability insurance, savings plan, Company paid holidays and paid time off (PTO) for vacation and/or personal business."
R10233840,2026  Associate Program Control Analyst Apopka FL,Business Management Mult-Func,"Apopka, FL, US",onsite,5/21/2026,https://jobs.northropgrumman.com/careers/job/1340071827100,,,
R10233901,Payroll Assistant 3,Payroll,"New York, NY, US",hybrid,5/21/2026,https://jobs.northropgrumman.com/careers/job/1340071829607,"•Load and validate supplemental pay request

•Perform research on demand

•Customer Service

•Sector POC support

•Resolve audit findings each payroll process

•Respond to inquiries from customers regarding deductions, calculations and changes in compensation within SLA

•Basic Ad hoc query request

•Assisted with creating scenario-based audit reports

Load and validate supplemental pay request

Required Qualifications  -

High school diploma & 1 years of related education, i.e.: business or accounting and/or relevant work experienceProficiency in the Microsoft office suite (excel, word, and PowerPoint)Payroll processing experience including relevant regulatory requirements; internal policy and procedure; accounting practices; system software requirementsKnowledge of FLSA, federal and state laws, etc.Experience performing basic payroll calculationsExperience operating a personal computer including standard software and some specialized accounting software1 year of experience involving extensive payroll dutiesFundamentals of Payroll Certification [1 year completion requirement following hire. ]

Preferred Qualifications - 

SAP experiencePrior experience working in a shared service or center of excellence environment

Primary Level Salary Range: $49,100.00 - $81,800.00

The above salary range represents a general guideline; however, Northrop Grumman considers a number of factors when determining base salary offers such as the scope and responsibilities of the position and the candidate's experience, education, skills and current market conditions.

Depending on the position, employees may be eligible for overtime, shift differential, and a discretionary bonus in addition to base pay. Annual bonuses are designed to reward individual contributions as well as allow employees to share in company results. Employees in Vice President or Director positions may be eligible for Long Term Incentives. In addition, Northrop Grumman provides a variety of benefits including health insurance coverage, life and disability insurance, savings plan, Company paid holidays and paid time off (PTO) for vacation and/or personal business.",,
R10227628,Production Test Technician 3,Mission and Quality Assurance,"San Diego, CA, US",onsite,5/21/2026,https://jobs.northropgrumman.com/careers/job/1340070923527,,,
R10227629,Production Test Technician 2,Mission and Quality Assurance,"San Diego, CA, US",onsite,5/21/2026,https://jobs.northropgrumman.com/careers/job/1340070923536,,,
R10233694,Engineer Hardware,Material/Process,"San Diego, CA, US",onsite,5/21/2026,https://jobs.northropgrumman.com/careers/job/1340071800381,,,"U.S. Secret Security Clearance

Experience with FPGAs, VHDL programming, advanced troubleshooting techniques

Education Background in Electrical or Software Engineering

Familiarity with Manufacturing Operations

Familiarity with the Agile process

LABVIEW or TestStand Experience

What We Can Offer You:

Northrop Grumman provides a comprehensive benefits package and a work environment which encourages your growth and supports the mutual success of our people and our company. Northrop Grumman benefits give you the flexibility and control to choose the benefits that make the most sense for you and your family.

Your benefits will include the following: Health Plan, Savings Plan, Paid Time Off and Additional Benefits including Education Assistance, Training and Development, 9/80 Work Schedule (where available), and much more!

Primary Level Salary Range: $83,400.00 - $125,200.00

The above salary range represents a general guideline; however, Northrop Grumman considers a number of factors when determining base salary offers such as the scope and responsibilities of the position and the candidate's experience, education, skills and current market conditions.

Depending on the position, employees may be eligible for overtime, shift differential, and a discretionary bonus in addition to base pay. Annual bonuses are designed to reward individual contributions as well as allow employees to share in company results. Employees in Vice President or Director positions may be eligible for Long Term Incentives. In addition, Northrop Grumman provides a variety of benefits including health insurance coverage, life and disability insurance, savings plan, Company paid holidays and paid time off (PTO) for vacation and/or personal business."
R10233806,Payroll Assistant 3 - Timekeeping,Payroll,"Irving, TX, US",hybrid,5/21/2026,https://jobs.northropgrumman.com/careers/job/1340071825091,,"High school diploma & 1 years of related experience, i.e.: business or accounting and/or relevant work experience

Proficiency in the Microsoft office suite (excel, word, and PowerPoint)

Payroll processing experience including relevant regulatory requirements; internal policy and procedure; accounting practices; system software requirements

Knowledge of FLSA, federal and state laws, etc.

Operating a personal computer including standard software and some specialized accounting software

1 year of experience involving extensive payroll duties

Certified Payroll Professional Certification [2 year completion requirement]

Preferred Qualifications - 

Basic Workday and/or PeopleSoft

Basic Payroll SAP

Basic Service Now case management experience

Primary Level Salary Range: $49,100.00 - $81,800.00

The above salary range represents a general guideline; however, Northrop Grumman considers a number of factors when determining base salary offers such as the scope and responsibilities of the position and the candidate's experience, education, skills and current market conditions.

Depending on the position, employees may be eligible for overtime, shift differential, and a discretionary bonus in addition to base pay. Annual bonuses are designed to reward individual contributions as well as allow employees to share in company results. Employees in Vice President or Director positions may be eligible for Long Term Incentives. In addition, Northrop Grumman provides a variety of benefits including health insurance coverage, life and disability insurance, savings plan, Company paid holidays and paid time off (PTO) for vacation and/or personal business.",
R10233922,Contract Administrator,Contracts,"San Diego, CA, US",onsite,5/21/2026,https://jobs.northropgrumman.com/careers/job/1340071830045,"Administer, extend, negotiate and terminate standard and nonstandard contracts

Conduct proposal preparation, contract negotiation, contract administration, and customer contact activities to provide for proper contract acquisition and fulfillment in accordance with company policies, legal requirements, and customer specifications.

Coordinate with functional teams and management to lead internal proposal approval process

Advise program teams of contractual rights and obligations, including interpretation of contract terms and conditions

Maintain and update contract documents and official program records, including contractual documents and correspondence

Monitor contract requirements and associated program funding and deliverables to ensure that contractual obligations are communicated, understood, and followed

Ensure compliance with company procedures and government regulations

Administer, negotiate, and perform closeout of contracts

Maintain an open and healthy relationship with internal and external customers","Bachelors’ Degree with 2 years of experience in Contracts Management/Administration or a related field (i.e. contracts-related legal, pricing, business management, etc.) - OR - a Master’s degree with 1 year of experience as described above.

U.S. Citizenship

The ability to obtain and maintain a U.S. Government Secret level security clearance","Experience using FAR/DFARS

Experience with the SAP Sales & Distribution Module

Experience with Contract Negotiation

Experience working with NDA's

Current, active U.S. Government Secret level security clearance

What We Can Offer You 

Northrop Grumman provides a comprehensive benefits package and a work environment which encourages your growth and supports the mutual success of our people and our company. Northrop Grumman benefits give you the flexibility and control to choose the benefits that make the most sense for you and your family.

Your benefits will include the following: Health Plan, Savings Plan, Paid Time Off and Additional Benefits including Education Assistance, Training and Development, 9/80 Work Schedule (where available), and much more!

MSBSMG

Primary Level Salary Range: $75,800.00 - $113,800.00

The above salary range represents a general guideline; however, Northrop Grumman considers a number of factors when determining base salary offers such as the scope and responsibilities of the position and the candidate's experience, education, skills and current market conditions.

Depending on the position, employees may be eligible for overtime, shift differential, and a discretionary bonus in addition to base pay. Annual bonuses are designed to reward individual contributions as well as allow employees to share in company results. Employees in Vice President or Director positions may be eligible for Long Term Incentives. In addition, Northrop Grumman provides a variety of benefits including health insurance coverage, life and disability insurance, savings plan, Company paid holidays and paid time off (PTO) for vacation and/or personal business."
R10232661,Receiving Inspector 2 - 12769-1,Mission and Quality Assurance,"Ogden, UT, US",onsite,5/21/2026,https://jobs.northropgrumman.com/careers/job/1340071718177,,"High School diploma or equivalent and 2 years additional education and/or related experience.

Experience inspecting for proper identity and dimensions.

Experience with visual inspects for obvious defects or damage such as corrosion, cracks, dents, scratches, and pits.

Able to makes pass/fail decisions on inspected goods.

Ability to obtain and maintain a DOD Secret Security Clearance.","Full knowledge of inspecting for proper identity and dimensions using such measuring devices as micrometers, gauges, and calipers.

Full knowledge of visual inspects for obvious defects or damage such as corrosion, cracks, dents, scratches, and pits.

Experience with SAP.

Background in quality.

Primary Level Salary Range: $44,400.00 - $74,000.00

The above salary range represents a general guideline; however, Northrop Grumman considers a number of factors when determining base salary offers such as the scope and responsibilities of the position and the candidate's experience, education, skills and current market conditions.

Depending on the position, employees may be eligible for overtime, shift differential, and a discretionary bonus in addition to base pay. Annual bonuses are designed to reward individual contributions as well as allow employees to share in company results. Employees in Vice President or Director positions may be eligible for Long Term Incentives. In addition, Northrop Grumman provides a variety of benefits including health insurance coverage, life and disability insurance, savings plan, Company paid holidays and paid time off (PTO) for vacation and/or personal business."
R10233603,Program Cost and Schedule Control Analyst,Business Management Mult-Func,"Redondo Beach, CA, US",onsite,5/21/2026,https://jobs.northropgrumman.com/careers/job/1340071795915,"Develop and review material EACsEnsure alignment with purchase orders for Major Subs and IWOsAssist CAMs for EVMS activities including: WBS alignment, time phasing of the purchases, developing and documenting earned value methodologies, monthly performance measurement, estimate to complete analysis and updates, and variance analysis research and reportingSupport monthly cost and schedule reviews, identify pressures and opportunities, and develop recovery plans as requiredPrepare budgets and schedules for contract work and perform and/or assists in financial analyses such as funding profiles, sales outlook, and variance analysisConduct analysis on material data and set up meetings with control account managers to review dataProvide support to Integrated Product Teams and Cost Management ManagersSupport audits and reviews requested by programs, customers, and Suppliers","Bachelor's degree with 2 years of experience in business administration, finance, accounting, financial analysis, supply chain, logistics and/or industry related field OR Master's degree.Ability to obtain US Government clearance","Must have a demonstrated working knowledge of EVMS with ERP subcontract experience.Must be Proficient in Microsoft Office, including Excel and PowerPoint.Must have experience using Business Systems such as SAP, and/or Cobra, etc.Financial forecasting and/or material accounting experience.Experience with Grouping, Pegging, and Distribution (GPD).

We offer phenomenal learning opportunities, exposure to a wide variety of projects and customers, and a very friendly collaborative workplace. We are looking for self-motivated, proactive, and goal-oriented people to help us grow our services and become even better at what we do. Does this sound like you?

At Northrop Grumman, we are innovating-- building the next generation of sophisticated aircraft to protect our country. Our diverse portfolio of programs means there are endless paths to cultivate your career. We are well-known for our inclusive, family environment, as well as our excellent work/life balance. We also offer exceptional benefits/healthcare, a 9/80 schedule, and a great 401K matching program. 

Primary Level Salary Range: $75,800.00 - $113,800.00

The above salary range represents a general guideline; however, Northrop Grumman considers a number of factors when determining base salary offers such as the scope and responsibilities of the position and the candidate's experience, education, skills and current market conditions.

Depending on the position, employees may be eligible for overtime, shift differential, and a discretionary bonus in addition to base pay. Annual bonuses are designed to reward individual contributions as well as allow employees to share in company results. Employees in Vice President or Director positions may be eligible for Long Term Incentives. In addition, Northrop Grumman provides a variety of benefits including health insurance coverage, life and disability insurance, savings plan, Company paid holidays and paid time off (PTO) for vacation and/or personal business."
R10233804,Non Destructive Test Technician (NDT)  – Level 2 or Level 3,Mission and Quality Assurance,"Corinne, UT, US",onsite,5/21/2026,https://jobs.northropgrumman.com/careers/job/1340071825110,,,"Eddy Current, Ultrasonic, and Mag Particle Level 2 certifications.

Experience and familiarity with inspection/interpretation of engineering requirements.

Experience working with automated radiographic inspection systems.

Experience with handheld UT pulse echo units (USM GO, USN 60) and or phased array (MX2, Veo).

Experience with eddy current weld and aluminum tubing inspections (NORTEC 500).

Curious about all the exciting developments with the Northrop Grumman Space Sector? Click the link below:

https://www.northropgrumman.com/space

Working at Northrop Grumman is more than just a paycheck. We offer a comprehensive Total Rewards and benefits package designed to help you thrive at work and in life. For more information on our Total Rewards package, please visit our Total Rewards site.

Northrop Grumman Total Rewards 

Primary Level Salary Range: $48,400.00 - $80,600.00

Secondary Level Salary Range: $57,500.00 - $95,900.00

The above salary range represents a general guideline; however, Northrop Grumman considers a number of factors when determining base salary offers such as the scope and responsibilities of the position and the candidate's experience, education, skills and current market conditions.

Depending on the position, employees may be eligible for overtime, shift differential, and a discretionary bonus in addition to base pay. Annual bonuses are designed to reward individual contributions as well as allow employees to share in company results. Employees in Vice President or Director positions may be eligible for Long Term Incentives. In addition, Northrop Grumman provides a variety of benefits including health insurance coverage, life and disability insurance, savings plan, Company paid holidays and paid time off (PTO) for vacation and/or personal business."
R10233812,Engineer Logistics,Material/Process,"Huntsville, AL, US",onsite,5/21/2026,https://jobs.northropgrumman.com/careers/job/1340071826033,"Basic knowledge of Logistics Product Data development.

Basic understanding of PowerLog-J for logistics acquisition management.

Basic knowledge for understanding two-level maintenance concepts.

Read and interpret engineering drawings for maintenance task development.

Ability to research and understand engineering hardware changes.

Ability to assist with technical briefings to the customer and end user and provide recommendations as to the employment of the weapon system.

Knowledge of military operations, procedures, and training activities.

Knowledge of Army ADA systems and operations.

Understanding of initial spares/repair parts development.

Must have knowledge of military supply and maintenance procedures.","Basic Qualifications for a level 2: 2 Years experience with a Bachelor’s degree; 0 Years with Masters.

Excellent computer skills combined with a mastery of Microsoft Office.

Excellent written and verbal communications skills.

Exercising a high degree of initiative and exhibiting advance organization skills.

Demonstrated ability to achieve high performance standards with supervision.

Demonstrated ability to solve a variety of problems of moderate scope and complexity.

Demonstrated ability to work in a fluid environment with diverse stakeholders.

Experience working in a government or government contractor environment.

Basic understanding of logistic elements; supportability, maintainability, and logistics support.

Ability to travel to other Northrop Grumman and customer locations (25%).

Ability to obtain a Secret Security Clearance","Secret Clearance

Solid understanding of Integrated Logistics Support (ILS), Supportability Analysis (SA), and maintenance concepts

Understanding of maintenance organizational structures as applied to the Army’s two-level maintenance concept

Develop with assistance spares analysis, support equipment requirements, and personnel necessary to optimize the maintainability and reliability of the end item

Powerlog-J lor similar system for Logistics Product Data development

Maintainability Assessment (MA) and Maintainability Evaluation (ME) for operator and field maintainer maintenance and technical manual validation demonstrations

Logistics Demonstration (LD) field maintenance requirements and technical manual validation

LD test plan and test procedures development

Develop the Product Support Package Components List (PSPCL)

Critical Faults List

Critical Fault Insertion

Event Selection List

Microsoft Office Suite experience

Microsoft Word

Excel Spreadsheets

PowerPoint presentations

Life Cycle Cost Analysis tool experience:

COMPASS

Visual SESAME

Powerlog-J, or similar tool

Primary Level Salary Range: $65,800.00 - $98,800.00

The above salary range represents a general guideline; however, Northrop Grumman considers a number of factors when determining base salary offers such as the scope and responsibilities of the position and the candidate's experience, education, skills and current market conditions.

Depending on the position, employees may be eligible for overtime, shift differential, and a discretionary bonus in addition to base pay. Annual bonuses are designed to reward individual contributions as well as allow employees to share in company results. Employees in Vice President or Director positions may be eligible for Long Term Incentives. In addition, Northrop Grumman provides a variety of benefits including health insurance coverage, life and disability insurance, savings plan, Company paid holidays and paid time off (PTO) for vacation and/or personal business."
R10233853,Administrative Assistant 2,General Administrative,"Rolling Meadows, IL, US",onsite,5/21/2026,https://jobs.northropgrumman.com/careers/job/1340071828296,,"High‑school diploma (or equivalent) and 2 years of professional administrative experience, or similarProactive with the ability to work independently and anticipate business needsProficiency in MS Office Suite (Outlook, Word, Excel, PowerPoint)U.S. citizenship requiredMust be able to obtain and maintain a Top Secret/SCI clearance","Bachelor’s degreeAdministrative experience in an aerospace and defense business environment Familiar with Northrop Grumman (NG) policies and proceduresFamiliar with NG systems (Concur, iBuy, iTrip, etc.)Able to handle multiple tasks, changing needs, and competing priorities in a positive mannerStrong interpersonal, communication, and organizational skillsActive Top Secret clearance

Primary Level Salary Range: $45,100.00 - $75,100.00

The above salary range represents a general guideline; however, Northrop Grumman considers a number of factors when determining base salary offers such as the scope and responsibilities of the position and the candidate's experience, education, skills and current market conditions.

Depending on the position, employees may be eligible for overtime, shift differential, and a discretionary bonus in addition to base pay. Annual bonuses are designed to reward individual contributions as well as allow employees to share in company results. Employees in Vice President or Director positions may be eligible for Long Term Incentives. In addition, Northrop Grumman provides a variety of benefits including health insurance coverage, life and disability insurance, savings plan, Company paid holidays and paid time off (PTO) for vacation and/or personal business."
R10233809,Payroll Assistant 3,Payroll,"New York, NY, US",hybrid,5/21/2026,https://jobs.northropgrumman.com/careers/job/1340071825541,"•Load and validate supplemental pay request

•Perform research on demand

•Customer Service

•Sector POC support

•Resolve audit findings each payroll process

•Respond to inquiries from customers regarding deductions, calculations and changes in compensation within SLA

•Basic Ad hoc query request

•Assisted with creating scenario-based audit reports

Load and validate supplemental pay request

Required Qualifications  -

High school diploma & 1 years of related education, i.e.: business or accounting and/or relevant work experienceProficiency in the Microsoft office suite (excel, word, and PowerPoint)Payroll processing experience including relevant regulatory requirements; internal policy and procedure; accounting practices; system software requirementsKnowledge of FLSA, federal and state laws, etc.Experience performing basic payroll calculationsExperience operating a personal computer including standard software and some specialized accounting software1 year of experience involving extensive payroll dutiesFundamentals of Payroll Certification [1 year completion requirement following hire. ]

Preferred Qualifications - 

SAP experiencePrior experience working in a shared service or center of excellence environment

Primary Level Salary Range: $49,100.00 - $81,800.00

The above salary range represents a general guideline; however, Northrop Grumman considers a number of factors when determining base salary offers such as the scope and responsibilities of the position and the candidate's experience, education, skills and current market conditions.

Depending on the position, employees may be eligible for overtime, shift differential, and a discretionary bonus in addition to base pay. Annual bonuses are designed to reward individual contributions as well as allow employees to share in company results. Employees in Vice President or Director positions may be eligible for Long Term Incentives. In addition, Northrop Grumman provides a variety of benefits including health insurance coverage, life and disability insurance, savings plan, Company paid holidays and paid time off (PTO) for vacation and/or personal business.",,
R10233640,Business Management Analyst – Pricing and Estimating,Business Management Mult-Func,"Rolling Meadows, IL, US",hybrid,5/21/2026,https://jobs.northropgrumman.com/careers/job/1340071798733,,"Bachelor’s degree in Business Administration such as Accounting, Data Analytics, Economics, Finance, Management or Marketing, or a related field (e.g., Mathematics, Risk Management) from an accredited institution.

Minimum of 2 years of financial work experience.

Basic understanding of Government Compliance core concepts and regulations.

Minimum of 1 year experience in strong data mining and database management.

Proficiency in Microsoft Excel (pivot tables, lookups, chart generation, etc.)

US citizenship is required.

Ability to obtain and maintain a DoD Secret clearance.","SAP, COGNOS, or similar ERP software experience

Professional experience in Aerospace & Defense, Financial Services, or Telecommunications.

Minimum 1 year Earned Value Management (EVM) customer reporting, COBRA experience.

Current/Active DoD Secret clearance.

What We Can Offer You –

Northrop Grumman provides a comprehensive benefits package and a work environment which encourages your growth and supports the mutual success of our people and our company. Northrop Grumman benefits give you the flexibility and control to choose the benefits that make the most sense for you and your family.

Your benefits will include the following: Health Plan, Savings Plan, Paid Time Off and Additional Benefits including Education Assistance, Training and Development, 9/80 Work Schedule (where available), and much more!

Primary Level Salary Range: $72,400.00 - $108,600.00

The above salary range represents a general guideline; however, Northrop Grumman considers a number of factors when determining base salary offers such as the scope and responsibilities of the position and the candidate's experience, education, skills and current market conditions.

Depending on the position, employees may be eligible for overtime, shift differential, and a discretionary bonus in addition to base pay. Annual bonuses are designed to reward individual contributions as well as allow employees to share in company results. Employees in Vice President or Director positions may be eligible for Long Term Incentives. In addition, Northrop Grumman provides a variety of benefits including health insurance coverage, life and disability insurance, savings plan, Company paid holidays and paid time off (PTO) for vacation and/or personal business."
R10233376,Production Test Technician 1/2,Mission and Quality Assurance,"Ridgecrest, CA, US",onsite,5/20/2026,https://jobs.northropgrumman.com/careers/job/1340071776313,"Set up and perform testing of electro-mechanical devices following written instructionsRecord and analyze test data to ensure compliance with customer specificationsMaintain a safe, clean, and organized work area following ESD and FOD proceduresCollaborate respectfully and effectively within a close-knit teamOperate independently with minimal supervisionOccasionally lift heavy equipment (up to 30 lbs) and work overtime when required

Level 1 Basic Qualifications:

High school diploma or GED with 0-2 years of relevant industry experienceProficient in Microsoft Office (Word, Excel, Outlook)Ability to lift up to 30 lbsAble to work overtime as neededActive DoD Secret clearance (in scope within the last 3–5 years)

Level 2 Basic Qualifications:

High school diploma or GED with minimum of 4 years of relevant industry experienceProficient in Microsoft Office (Word, Excel, Outlook)Familiarity with Maintenance Data Collection systems (MES, FMT, CAMS, etc.)Ability to lift up to 30 lbsAble to work overtime as neededActive DoD Secret clearance (in scope within the last 3–5 years)",,"Experience in the aerospace or defense industryUnderstanding of environmental chamber operationsFamiliarity with quality systems and standardsDemonstrated ability to work both independently and collaboratively across teamsProficiency in one or more of the following:Electrical test set-up and performancePreventive maintenance and calibrationTest equipment troubleshooting and repairAnechoic and thermal chamber operationsUse of test instruments (power supplies, oscilloscopes, signal generators, spectrum analyzers, multimeters, etc.)Data logging and reporting using Excel

This is a unique opportunity to be part of a mission-driven organization at the forefront of innovation and national security. If you’re passionate about precision testing, teamwork, and delivering excellence, we encourage you to apply today.

Primary Level Salary Range: $43,400.00 - $72,300.00

Secondary Level Salary Range: $51,400.00 - $85,600.00

The above salary range represents a general guideline; however, Northrop Grumman considers a number of factors when determining base salary offers such as the scope and responsibilities of the position and the candidate's experience, education, skills and current market conditions.

Depending on the position, employees may be eligible for overtime, shift differential, and a discretionary bonus in addition to base pay. Annual bonuses are designed to reward individual contributions as well as allow employees to share in company results. Employees in Vice President or Director positions may be eligible for Long Term Incentives. In addition, Northrop Grumman provides a variety of benefits including health insurance coverage, life and disability insurance, savings plan, Company paid holidays and paid time off (PTO) for vacation and/or personal business."
R10233595,Drafter - 1,Tech Support Mult-Func,"Corinne, UT, US",onsite,5/20/2026,https://jobs.northropgrumman.com/careers/job/1340071791345,,,"Desire and passion to generate complete and accurate drawings to support the manufacture of flight hardware.

Excellent verbal and written communication skills.

Strong organizational skills in managing time, projects and resources.

Technical attention to detail.

Primary Level Salary Range: $40,700.00 - $67,900.00

The above salary range represents a general guideline; however, Northrop Grumman considers a number of factors when determining base salary offers such as the scope and responsibilities of the position and the candidate's experience, education, skills and current market conditions.

Depending on the position, employees may be eligible for overtime, shift differential, and a discretionary bonus in addition to base pay. Annual bonuses are designed to reward individual contributions as well as allow employees to share in company results. Employees in Vice President or Director positions may be eligible for Long Term Incentives. In addition, Northrop Grumman provides a variety of benefits including health insurance coverage, life and disability insurance, savings plan, Company paid holidays and paid time off (PTO) for vacation and/or personal business."
R10233212,Associate Energetic Engineer/Energetic Engineer – Level 1 or Level 2,Material/Process,"FL,US",onsite,5/20/2026,https://jobs.northropgrumman.com/careers/job/1340071761577,,,"Demonstrated passion for rocketry or spaceflight — active participation in rocketry clubs, launch competitions, aerospace‑focused research, or personal projects.

Additional hands‑on experience beyond the basic requirement, such as a full‑time internship, co‑op, or entry‑level role in a high‑precision manufacturing or assembly environment (aerospace, defense, or related industries).

Proven ability to generate clear, concise technical documentation and deliver effective presentations to multidisciplinary audiences.

Strong attention to detail and a quality‑first mindset, with a track record of identifying discrepancies and driving corrective actions.

Demonstrated problem‑solving skills, including data analysis, root‑cause investigation, and development of practical, safety‑oriented solutions.

Experience leading or contributing to small‑team projects, including planning, execution, and delivery of complete engineering or business life‑cycle initiatives.

Comfortable working autonomously on complex, schedule‑driven projects and adapting quickly to shifting production priorities, including occasional overtime or weekend support.

Curious about all the exciting developments with the Northrop Grumman Space Sector? Click the link below:

https://www.northropgrumman.com/space

Working at Northrop Grumman is more than just a paycheck. We offer a comprehensive Total Rewards and benefits package designed to help you thrive at work and in life. For more information on our Total Rewards package, please visit our Total Rewards site.

Northrop Grumman Total Rewards 

Primary Level Salary Range: $65,800.00 - $118,900.00

Secondary Level Salary Range: $0.00 - $0.00

The above salary range represents a general guideline; however, Northrop Grumman considers a number of factors when determining base salary offers such as the scope and responsibilities of the position and the candidate's experience, education, skills and current market conditions.

Depending on the position, employees may be eligible for overtime, shift differential, and a discretionary bonus in addition to base pay. Annual bonuses are designed to reward individual contributions as well as allow employees to share in company results. Employees in Vice President or Director positions may be eligible for Long Term Incentives. In addition, Northrop Grumman provides a variety of benefits including health insurance coverage, life and disability insurance, savings plan, Company paid holidays and paid time off (PTO) for vacation and/or personal business."
R10233347,Business Development Representative,Account Management,"Plymouth, MN, US",onsite,5/20/2026,https://jobs.northropgrumman.com/careers/job/1340071775627,,"Bachelor's Degree (BA/BS) in Business, Engineering, or Marketing plus 2 years of Business Development experience in Defense Industry with exceptional understanding of the DOD market and acquisition processes; or master’s degree.Experience in identifying, pursuing, and capture of contracts with governmentU.S. CitizenshipAbility to obtain and maintain a Government Secret Security ClearanceDemonstrated strategic thinking skills.Excellent interpersonal, written, and oral communication skills.Proficient with MS Office (Word, PowerPoint, Excel) and experience with CRM tools (SalesForce preferred).Must be able to travel as needed (up to 25% of the time).","Master’s degree or MBA.Project Management Professional (PMP) certification.Prior experience with precision munitions highly desired.Proficiency with Shipley Proposal & Capture Methods.

Primary Level Salary Range: $87,600.00 - $131,400.00

The above salary range represents a general guideline; however, Northrop Grumman considers a number of factors when determining base salary offers such as the scope and responsibilities of the position and the candidate's experience, education, skills and current market conditions.

Depending on the position, employees may be eligible for overtime, shift differential, and a discretionary bonus in addition to base pay. Annual bonuses are designed to reward individual contributions as well as allow employees to share in company results. Employees in Vice President or Director positions may be eligible for Long Term Incentives. In addition, Northrop Grumman provides a variety of benefits including health insurance coverage, life and disability insurance, savings plan, Company paid holidays and paid time off (PTO) for vacation and/or personal business."
R10233450,HR Business Partner - St Augustine FL,Human Resources Mult-Func,"St. Augustine, FL, US",onsite,5/20/2026,https://jobs.northropgrumman.com/careers/job/1340071784072,,"Bachelor’s degree AND 2 years of Human Resources experienceDemonstrated proficiency in Microsoft Excel and PowerPointAbility to obtain and maintain a DoD Secret clearance and Special Program Access within a reasonable period, as determined by the company to meet business needsMust be willing and able to travel up to 15% of the time","Strong technical competence across one or more HR disciplines:Leadership DevelopmentTalent ManagementEmployee RelationsDemonstrated experience in prioritizing the workday, balancing multiple projects, and working across multiple deadlinesProficiency in WorkdayPrevious HR experience in Aerospace & DefenseCurrent/active DoD clearance

Primary Level Salary Range: $65,500.00 - $98,300.00

The above salary range represents a general guideline; however, Northrop Grumman considers a number of factors when determining base salary offers such as the scope and responsibilities of the position and the candidate's experience, education, skills and current market conditions.

Depending on the position, employees may be eligible for overtime, shift differential, and a discretionary bonus in addition to base pay. Annual bonuses are designed to reward individual contributions as well as allow employees to share in company results. Employees in Vice President or Director positions may be eligible for Long Term Incentives. In addition, Northrop Grumman provides a variety of benefits including health insurance coverage, life and disability insurance, savings plan, Company paid holidays and paid time off (PTO) for vacation and/or personal business."
R10233580,Mechanical Technician 2,Tech Support Mult-Func,"Chandler, AZ, US",onsite,5/20/2026,https://jobs.northropgrumman.com/careers/job/1340071788818,,"High School diploma or equivalent and 2 years additional education and/or related experience in mechanical assembly or a related manufacturing field.   

Demonstrated proficiency using hand tools and measuring equipment.

Ability to read and interpret drawings, blueprints, assembly drawings, and related documentation.

Ability to comprehend and perform tasks according to written work instructions.

Experience working with adhesives, bonding processes, or surface preparation techniques.

Basic mechanical aptitude and attention to detail.

Ability to work independently and as part of a team.

Ability to follow safety procedures and maintain quality standards.","Active U.S. Government security clearance of Secret or higher

Experience bonding insulative materials to metal or composite surfaces.

Experience in aerospace, defense, manufacturing, or industrial assembly environments.

Familiarity with composite materials and adhesive curing processes.

Experience using precision measuring instruments such as calipers, micrometers, or gauges.

Ability to interpret complex engineering drawings and specifications.

Experience with lean manufacturing or continuous improvement practices.

Strong organizational and problem-solving skills.

Technical or vocational training in mechanical assembly or manufacturing is preferred

Curious about all the exciting developments with the Northrop Grumman Space Sector? Click the link below:

https://www.northropgrumman.com/space

Working at Northrop Grumman is more than just a paycheck. We offer a comprehensive Total Rewards and benefits package designed to help you thrive at work and in life. For more information on our Total Rewards package, please visit our Total Rewards site. Northrop Grumman Total Rewards 

Primary Level Salary Range: $23.27 - $38.75

The above salary range represents a general guideline; however, Northrop Grumman considers a number of factors when determining base salary offers such as the scope and responsibilities of the position and the candidate's experience, education, skills and current market conditions.

Depending on the position, employees may be eligible for overtime, shift differential, and a discretionary bonus in addition to base pay. Annual bonuses are designed to reward individual contributions as well as allow employees to share in company results. Employees in Vice President or Director positions may be eligible for Long Term Incentives. In addition, Northrop Grumman provides a variety of benefits including health insurance coverage, life and disability insurance, savings plan, Company paid holidays and paid time off (PTO) for vacation and/or personal business."
R10233465,2026 Associate Manufacturing Engineer/Manufacturing Engineer-Chandler AZ,Material/Process,"Chandler, AZ, US",onsite,5/20/2026,https://jobs.northropgrumman.com/careers/job/1340071784407,"Designs manufacturing processes, procedures and production layouts for assemblies, equipment installation, processing, machining and material handling.  Designs arrangement of machines within plant facilities to ensure most efficient and productive layout. Designs sequence of operations and specifies procedures for the fabrication of tools and equipment and other functions that affect product performance. Adapts machine or equipment design to factory and production conditions. May incorporate inspection and test requirements into the production plan. Inspects performance of machinery, equipment, and tools to verify their efficiency, and investigates and initiates corrective action of problems and deficiencies to ensure product quality. Develops manufacturing processes that are applicable to statistical process control, and may develop those techniques. Provides guidance to engineering regarding design concepts and specification requirements to best utilize equipment and manufacturing techniques. Ensures processes and procedures are in compliance with regulations.

Basic Qualifications for an Associate Manufacturing Engineer: 

Be completing or has completed their Bachelor’s degree from an accredited institutionBe majoring in or having majored in STEMBe able to obtain a U.S. Government security clearance (U.S. citizenship is a pre-requisite)The ability to obtain Special Access Program within a reasonable period of time, as determined by the company to meet its business needs

Basic Qualifications for a Manufacturing Engineer:

Be completing or has completed their Master’s degree from an accredited institutionBe majoring in or having majored in STEMBe able to obtain a U.S. Government security clearance (U.S. citizenship is a pre-requisite)The ability to obtain Special Access Program within a reasonable period of time, as determined by the company to meet its business needs          

Preferred Qualifications for both levels: 

Have an overall cumulative GPA of 3.00/4.0 or higherExperience with Capital Software in a manufacturing setting

campusjobs",,
R10231029,Accountant,Finance and Accounting,"Irving, TX, US; Falls Church, VA, US; Melbourne, FL, US; Bloomington, MN, US; Redondo Beach, CA, US",hybrid,5/20/2026,https://jobs.northropgrumman.com/careers/job/1340071524982,,"Bachelor’s degree in Accounting, Finance, or related discipline with a minimum of 3 years in accounting or finance work experience.

Ability to work from one of our office locations in Irving, TX, Redondo Beach, CA, Bloomington, MN, Falls Church, VA, or Melbourne, FL minimum two days per week and for in person meetings/events.

Understanding of GAAP, accounting practices, and standards and CAS/FAS requirements.

Working knowledge and understanding of ERP systems, especially SAP S/4.

Work effectively with geographically dispersed team and customer.

Strong Microsoft Office (Outlook, PowerPoint, Excel, Word) experience, including the ability to manipulate / analyze data, utilize macros, and summarize data within Excel.","Working knowledge of SAP S/4 and Costpoint general ledger ERP systems.

Experience with Blackline.

Certified Public Accountant.

Big 4 experience.

Primary Level Salary Range: $65,800.00 - $98,800.00

The above salary range represents a general guideline; however, Northrop Grumman considers a number of factors when determining base salary offers such as the scope and responsibilities of the position and the candidate's experience, education, skills and current market conditions.

Depending on the position, employees may be eligible for overtime, shift differential, and a discretionary bonus in addition to base pay. Annual bonuses are designed to reward individual contributions as well as allow employees to share in company results. Employees in Vice President or Director positions may be eligible for Long Term Incentives. In addition, Northrop Grumman provides a variety of benefits including health insurance coverage, life and disability insurance, savings plan, Company paid holidays and paid time off (PTO) for vacation and/or personal business."
R10232266,Production Planner Level 1/2,Manufacturing and Production,"Iuka, MS, US",onsite,5/19/2026,https://jobs.northropgrumman.com/careers/job/1340071644113,"Plans sequence of fabrication, assembly, installation, and other manufacturing operations relating to specific portion of the product for guidance of production workers

Plans detail operations from blueprints, engineering orders, change notices, and other engineering releases.

Determines the need for tooling and makes recommendations for the design and planning of required tools.

Prepares shop work orders for materials and product processing and coordinates with schedulers to ensure that items are being processed according to specifications and time requirements.

Maintains progress reports, schedules, and other related records.

​","Production Planner Level 1:

High School diploma or equivalent and 0 years of experience

Experience in working with aerospace specifications and drawings.

Experience with Microsoft Office applications.

Ability to obtain and maintain Active U.S. Government Secrete Clearance.

Ability to obtain and maintain Special Program Access (PAR) Clearance.

Production Planner Level 2:

High School diploma or equivalent and 2 years additional education and/or experience in Manufacturing, Production, Planning, Aerospace or Aeronautics.

Experience in working with aerospace specifications and drawings.

Experience with Microsoft Office applications.

Ability to obtain and maintain Active U.S. Government Secrete Clearance.

Ability to obtain and maintain Special Program Access (PAR) Clearance.","Active U.S. Government Clearance

Active Special Program Access

Experience authoring manufacturing procedures.

Pursuing Bachelors STEM Degree

Experience working in an aerospace manufacturing environment.

Experience creating and maintaining MBOMs.

Experience in the areas of composite hand layup, bonding, cure, fastened assembly, subsystems installation, metallic hardware or machining experience.

Functional knowledge of production control systems (SAP/Visual Mfg/etc)

Preference will be given to individuals already accessed to Special Access Programs

Experience in the use of CAD software

Primary Level Salary Range: $38,600.00 - $64,400.00

Secondary Level Salary Range: $45,800.00 - $76,400.00

The above salary range represents a general guideline; however, Northrop Grumman considers a number of factors when determining base salary offers such as the scope and responsibilities of the position and the candidate's experience, education, skills and current market conditions.

Depending on the position, employees may be eligible for overtime, shift differential, and a discretionary bonus in addition to base pay. Annual bonuses are designed to reward individual contributions as well as allow employees to share in company results. Employees in Vice President or Director positions may be eligible for Long Term Incentives. In addition, Northrop Grumman provides a variety of benefits including health insurance coverage, life and disability insurance, savings plan, Company paid holidays and paid time off (PTO) for vacation and/or personal business."
R10230736,Embedded Software Engineer – Level 1 or 2,Software,"Rolling Meadows, IL, US",onsite,5/19/2026,https://jobs.northropgrumman.com/careers/job/1340071472401,,,
R10233420,Engineer Material Process,Material/Process,"Roy, UT, US",onsite,5/19/2026,https://jobs.northropgrumman.com/careers/job/1340071782332,,"• Bachelor's degree in a Science, Technology, Engineering or Mathematics (STEM) discipline from an accredited university and 2 years of experience with Bachelor's degree, 0 years of experience with Master's degree.

• U.S. citizen; able to obtain and maintain DoD Secret and Special Access Program (SAP) clearances.

• Strong written/oral communication for test plans and stakeholder briefings.

• Basic project-management (schedule, risk, resource coordination).

• Proficient reading of technical drawings and 3D models.

• Knowledge of material properties, process controls, failure modes, and traceability/serialized-part control.

• Familiarity with DoD/aerospace standards (e.g., MIL-STD-11991, MIL-STD-3018) and related industries (DOE, automotive/medical device manufacturing, QA).

• Experience with MIL-STD or industry machining, welding, soldering, electronic assembly, cable-harness fabrication, coating/surface-treatment, and cross-disciplinary quality/documentation.

• Willingness to work onsite in manufacturing settings (including clean rooms or hazardous areas).

• Up to 15?% domestic travel for supplier visits, audits, and technical briefings.

These Qualifications Would be Nice to Have:

• Degree in Industrial, Manufacturing, Electrical, Welding, Chemical or Materials Engineering.

• Strong interest in material properties, semiconductors, corrosion, metallurgy, etc.

• Test-plan authoring/review, negotiation, and approval of materials & processes for program-approved lists.

• Hands-on APQP, PPAP, control-plan development.

• Machining expertise with GD&T (ASME?Y14.5-2023/ISO?1101-2023), surface-finish standards (ISO?1302/ASME?B46.1), material specs (ASTM, AISI/SAE, ISO?4949).

• AWS welding certification; soldering/electronic-assembly knowledge (IPC-J-STD-001, IPC-A-610, IPC-2221/2222, MIL-STD-883).

• Cable-harness fabrication standards (IPC/WHMA-A-620, MIL-STD-196).

• Coating-system qualification (ISO?12944-5, ASTM?B117, MIL-PRF-23377, MIL-PRF-32239, MIL-DTL-53022).

• Ability to obtain/maintain DoD Top-Secret.

• Proven oral/written skills; experience presenting to high-value customers; juggle multiple projects.

• High urgency, strong work ethic, agile-environment experience (JIRA).

• Certifications** – ASQ Certified Quality Engineer, Six-Sigma Green/Black Belt, Certified Reliability Engineer (CRE).

Primary Level Salary Range: $72,100.00 - $108,100.00

The above salary range represents a general guideline; however, Northrop Grumman considers a number of factors when determining base salary offers such as the scope and responsibilities of the position and the candidate's experience, education, skills and current market conditions.

Depending on the position, employees may be eligible for overtime, shift differential, and a discretionary bonus in addition to base pay. Annual bonuses are designed to reward individual contributions as well as allow employees to share in company results. Employees in Vice President or Director positions may be eligible for Long Term Incentives. In addition, Northrop Grumman provides a variety of benefits including health insurance coverage, life and disability insurance, savings plan, Company paid holidays and paid time off (PTO) for vacation and/or personal business.",
R10233437,U001 Tool Designer,NGC - Non - NGJF Union,"Elk River, MN, US",onsite,5/19/2026,https://jobs.northropgrumman.com/careers/job/1340071783183,,,
R10233491,Production Operator - Level 1,Manufacturing and Production,"Charlotte, NC, US",onsite,5/19/2026,https://jobs.northropgrumman.com/careers/job/1340071785836,,"High School diploma or equivalent and 0 years additional education and/or related experience.  

No clearance required to start

Basic computer skills using Microsoft Excel and Word

Effective communication skills with peers, engineering, and management are essential

Ability to communicate in English, verbally and written, in a technical environment

Manual dexterity, strong work ethic, ability to multitask, positive attitude, and willingness to learn

Good visual acuity, strong basic math skills, and attention to detail

Ability to use measurement equipment, work in metric or English units, read detailed instructions, interpret engineering prints, maintain written records, and keep an organized work environment using 5S principles","Associate degree or two-year technical degree

Experience in a technical manufacturing environment including measuring production parts, interpreting process output, and troubleshooting

Experience in optical fabrication is strongly preferred, including experience with microscopes and mechanical or optical metrology equipment

Experience operating grinding, cutting, or polishing machinery (manual or CNC)

Hazardous Materials:  Solvents, epoxy, polishing slurries, and coolant

Curious about all the exciting developments with the Northrop Grumman Space Sector? Click the link below:

https://www.northropgrumman.com/space

Primary Level Salary Range: $31,900.00 - $53,100.00

The above salary range represents a general guideline; however, Northrop Grumman considers a number of factors when determining base salary offers such as the scope and responsibilities of the position and the candidate's experience, education, skills and current market conditions.

Depending on the position, employees may be eligible for overtime, shift differential, and a discretionary bonus in addition to base pay. Annual bonuses are designed to reward individual contributions as well as allow employees to share in company results. Employees in Vice President or Director positions may be eligible for Long Term Incentives. In addition, Northrop Grumman provides a variety of benefits including health insurance coverage, life and disability insurance, savings plan, Company paid holidays and paid time off (PTO) for vacation and/or personal business."
R10233312,Manufacturing Process Engineer (RF Systems),Material/Process,"Rolling Meadows, IL, US",onsite,5/19/2026,https://jobs.northropgrumman.com/careers/job/1340071775145,,,
R10233374,Assembler 1/2,Manufacturing and Production,"Ridgecrest, CA, US",onsite,5/19/2026,https://jobs.northropgrumman.com/careers/job/1340071776303,,,"Active DoD Security Clearance

Primary Level Salary Range: $36,500.00 - $60,800.00

Secondary Level Salary Range: $43,400.00 - $72,300.00

The above salary range represents a general guideline; however, Northrop Grumman considers a number of factors when determining base salary offers such as the scope and responsibilities of the position and the candidate's experience, education, skills and current market conditions.

Depending on the position, employees may be eligible for overtime, shift differential, and a discretionary bonus in addition to base pay. Annual bonuses are designed to reward individual contributions as well as allow employees to share in company results. Employees in Vice President or Director positions may be eligible for Long Term Incentives. In addition, Northrop Grumman provides a variety of benefits including health insurance coverage, life and disability insurance, savings plan, Company paid holidays and paid time off (PTO) for vacation and/or personal business."
R10233294,U107 Janitor B2,NGC - Non - NGJF Union,"Baltimore, MD, US",onsite,5/19/2026,https://jobs.northropgrumman.com/careers/job/1340071774675,,US Citizenship required,
R10233476,Propulsion Engineer 1 / 2,Mechanical,"Corinne, UT, US",onsite,5/19/2026,https://jobs.northropgrumman.com/careers/job/1340071784980,,,"Previous fabrication, inspection experience, rocket motor design, or aerospace design experience NX modeling and drawing experienceUnderstanding of manufacturing and inspection processesPrevious experience at Northrop Grumman

Curious about all the exciting developments with the Northrop Grumman Space Sector? Click the link below:

https://www.northropgrumman.com/space

Working at Northrop Grumman is more than just a paycheck. We offer a comprehensive Total Rewards and benefits package designed to help you thrive at work and in life. For more information on our Total Rewards package, please visit our Total Rewards site.

Northrop Grumman Total Rewards 

Primary Level Salary Range: $65,800.00 - $98,800.00

Secondary Level Salary Range: $79,300.00 - $118,900.00

The above salary range represents a general guideline; however, Northrop Grumman considers a number of factors when determining base salary offers such as the scope and responsibilities of the position and the candidate's experience, education, skills and current market conditions.

Depending on the position, employees may be eligible for overtime, shift differential, and a discretionary bonus in addition to base pay. Annual bonuses are designed to reward individual contributions as well as allow employees to share in company results. Employees in Vice President or Director positions may be eligible for Long Term Incentives. In addition, Northrop Grumman provides a variety of benefits including health insurance coverage, life and disability insurance, savings plan, Company paid holidays and paid time off (PTO) for vacation and/or personal business."
R10227750,Manufacturing Analyst,Manufacturing and Production,"Palmdale, CA, US",onsite,5/19/2026,https://jobs.northropgrumman.com/careers/job/1340070936417,,"Bachelors with 1 years of experience OR Associates with 3 years of experience.

Ability to obtain and maintain a DoD Secret clearance and Special Program access within a reasonable period of time, as determined by the company to meet its business need

Ability to work any shift

Experience with Microsoft Office Suite (Word, PowerPoint, Excel)

Must be highly detail-oriented, organized, proactive, and a skilled communicator

Must be able to support 10% overtime as required for business needs.","Experience in a manufacturing environment

Experience in an engineering environment

Experience with MS Project

Primary Level Salary Range: $75,800.00 - $113,800.00

The above salary range represents a general guideline; however, Northrop Grumman considers a number of factors when determining base salary offers such as the scope and responsibilities of the position and the candidate's experience, education, skills and current market conditions.

Depending on the position, employees may be eligible for overtime, shift differential, and a discretionary bonus in addition to base pay. Annual bonuses are designed to reward individual contributions as well as allow employees to share in company results. Employees in Vice President or Director positions may be eligible for Long Term Incentives. In addition, Northrop Grumman provides a variety of benefits including health insurance coverage, life and disability insurance, savings plan, Company paid holidays and paid time off (PTO) for vacation and/or personal business."
R10228046,Principal/Quality Engineer (Level 2 or 3),Mission/Quality Assurance,"Chandler, AZ, US",onsite,5/19/2026,https://jobs.northropgrumman.com/careers/job/1340070964856,,,"Active U.S. Government DoD security clearance of Secret or above

A demonstrated ability to work with minimal oversight and in a multi-discipline team environment, providing insight and solutions to complicated issues both technical and procedural.

Discrepancy Reporting and MRB experience is highly desirable.

Extensive Root Cause and Problem-Solving experience.

Experience with quality tools and methodologies (e.g., Six Sigma, FMEA, SPC).

Experience with quality management systems (e.g., AS9100, ISO 9001).

System integration and range safety experience.

Experience working with TipQa, MES, and CostPoint software.

We work a 9/80 schedule (9 hours per day Mon-Thurs, 8 hours every other Friday with the alternate Friday off)

Curious about all the exciting developments with the Northrop Grumman Space Sector? Click the link below:

https://www.northropgrumman.com/space

Primary Level Salary Range: $72,100.00 - $108,100.00

Secondary Level Salary Range: $89,400.00 - $134,200.00

The above salary range represents a general guideline; however, Northrop Grumman considers a number of factors when determining base salary offers such as the scope and responsibilities of the position and the candidate's experience, education, skills and current market conditions.

Depending on the position, employees may be eligible for overtime, shift differential, and a discretionary bonus in addition to base pay. Annual bonuses are designed to reward individual contributions as well as allow employees to share in company results. Employees in Vice President or Director positions may be eligible for Long Term Incentives. In addition, Northrop Grumman provides a variety of benefits including health insurance coverage, life and disability insurance, savings plan, Company paid holidays and paid time off (PTO) for vacation and/or personal business."
R10231211,Mechanical Technician Level 1 or Level 2,Tech Support Mult-Func,"Corinne, UT, US",onsite,5/19/2026,https://jobs.northropgrumman.com/careers/job/1340071547268,,,"Active U.S. Government Secret Security Clearance (or above)

Active U.S. Government BATFE Employee Possessor License

Energetic safety knowledge and experience

Experience in a government-contracted industrial or manufacturing environment

Experience on ICBMs

Experience with integration and test of missiles

Experience with executing engineering statement of work and schedule activities

Curious about all the exciting developments with the Northrop Grumman Space Sector? Click the link below:

https://www.northropgrumman.com/space

Working at Northrop Grumman is more than just a paycheck. We offer a comprehensive Total Rewards and benefits package designed to help you thrive at work and in life. For more information on our Total Rewards package, please visit our Total Rewards site.

Northrop Grumman Total Rewards 

Primary Level Salary Range: $40,700.00 - $67,900.00

Secondary Level Salary Range: $48,400.00 - $80,600.00

The above salary range represents a general guideline; however, Northrop Grumman considers a number of factors when determining base salary offers such as the scope and responsibilities of the position and the candidate's experience, education, skills and current market conditions.

Depending on the position, employees may be eligible for overtime, shift differential, and a discretionary bonus in addition to base pay. Annual bonuses are designed to reward individual contributions as well as allow employees to share in company results. Employees in Vice President or Director positions may be eligible for Long Term Incentives. In addition, Northrop Grumman provides a variety of benefits including health insurance coverage, life and disability insurance, savings plan, Company paid holidays and paid time off (PTO) for vacation and/or personal business."
R10232678,Engineering Tech Support - Level 1,Tech Support Mult-Func,"Dulles, VA, US",onsite,5/19/2026,https://jobs.northropgrumman.com/careers/job/1340071749915,,"High School diploma or equivalent and 0 years additional education and/or related experience.   

Must have the ability to obtain and maintain a U.S. Government DoD Top-Secret security clearance

Proficiency in Microsoft Office Suite (Excel, Word, PowerPoint, Visio).

Knowledge of electrical measurements (AC/DC, resistance), voltage circuitry, and troubleshooting techniques.

Understanding of clean room operations and spacecraft handling protocols.

Ability to lift and position objects weighing up to 50 pounds.

Ability to perform repetitive motion tasks such as sanding or scrubbing over long periods of time.

Must be able to work flexible shifts, including 2nd and 3rd shift schedules, weekends, and overtime as needed.","Active or current DoD Top Secret clearance with SCI or SAP/SAR access.

NASA-STD-8739.4 or IPC/WHMA-A-620 with Space Addendum.

Flight harness integration, terminations and spacecraft processing experience.

Flight hardware integration and spacecraft processing experience.

Certifications in flight wire harnessing, flight soldering, and epoxy bonding.

Flight hardware installation and spacecraft processing experience.

Aerospace/Satellite Integration & harness Installations.

Curious about all the exciting developments with the Northrop Grumman Space Sector? Click the link below:

https://www.northropgrumman.com/space

Working at Northrop Grumman is more than just a paycheck. We offer a comprehensive Total Rewards and benefits package designed to help you thrive at work and in life. For more information on our Total Rewards package, please visit our Total Rewards site.

Northrop Grumman Total Rewards 

Primary Level Salary Range: $47,200.00 - $78,600.00

The above salary range represents a general guideline; however, Northrop Grumman considers a number of factors when determining base salary offers such as the scope and responsibilities of the position and the candidate's experience, education, skills and current market conditions.

Depending on the position, employees may be eligible for overtime, shift differential, and a discretionary bonus in addition to base pay. Annual bonuses are designed to reward individual contributions as well as allow employees to share in company results. Employees in Vice President or Director positions may be eligible for Long Term Incentives. In addition, Northrop Grumman provides a variety of benefits including health insurance coverage, life and disability insurance, savings plan, Company paid holidays and paid time off (PTO) for vacation and/or personal business."
R10232274,Production Planner 2/3,Manufacturing and Production,"Iuka, MS, US",onsite,5/19/2026,https://jobs.northropgrumman.com/careers/job/1340071644250,"Plans sequence of fabrication, assembly, installation, and other manufacturing operations relating to specific portion of the product for guidance of production workers

Plans detail operations from blueprints, engineering orders, change notices, and other engineering releases.

Determines the need for tooling and makes recommendations for the design and planning of required tools.

Prepares shop work orders for materials and product processing and coordinates with schedulers to ensure that items are being processed according to specifications and time requirements.

Maintains progress reports, schedules, and other related records.

​","Production Planner Level 2:

High School diploma or equivalent and 2 years of experience

Experience in working with aerospace specifications and drawings.

Experience with Microsoft Office applications.

Ability to obtain and maintain Active U.S. Government Secrete Clearance.

Ability to obtain and maintain Special Program Access (PAR) Clearance.

Production Planner Level 3:

High School diploma or equivalent and 4 years additional education and/or experience in Manufacturing, Production, Planning, Aerospace or Aeronautics.

Experience in working with aerospace specifications and drawings.

Experience with Microsoft Office applications.

Ability to obtain and maintain Active U.S. Government Secrete Clearance.

Ability to obtain and maintain Special Program Access (PAR) Clearance.","Active U.S. Government Clearance

Active Special Program Access

Experience authoring manufacturing procedures.

Pursuing Bachelors STEM Degree

Experience working in an aerospace manufacturing environment.

Experience creating and maintaining MBOMs.

Experience in the areas of composite hand layup, bonding, cure, fastened assembly, subsystems installation, metallic hardware or machining experience.

Functional knowledge of production control systems (SAP/Visual Mfg/etc)

Preference will be given to individuals already accessed to Special Access Programs

Experience in the use of CAD software

Primary Level Salary Range: $45,800.00 - $76,400.00

Secondary Level Salary Range: $54,500.00 - $90,800.00

The above salary range represents a general guideline; however, Northrop Grumman considers a number of factors when determining base salary offers such as the scope and responsibilities of the position and the candidate's experience, education, skills and current market conditions.

Depending on the position, employees may be eligible for overtime, shift differential, and a discretionary bonus in addition to base pay. Annual bonuses are designed to reward individual contributions as well as allow employees to share in company results. Employees in Vice President or Director positions may be eligible for Long Term Incentives. In addition, Northrop Grumman provides a variety of benefits including health insurance coverage, life and disability insurance, savings plan, Company paid holidays and paid time off (PTO) for vacation and/or personal business."
R10232271,Associate/Manufacturing Analyst Level 1/2,Manufacturing and Production,"Iuka, MS, US",onsite,5/19/2026,https://jobs.northropgrumman.com/careers/job/1340071644176,,"Associate Manufacturing Analyst Level 1:

Bachelor’s degree with 0 years of experience

Experience with Microsoft applications (Word, Excel, Power Point)

Must have ability to obtain and maintain U.S. Government Secret Security Clearance

Must have the ability to obtain and maintain Special Program Access (PAR) within a reasonable period of time as determined by the company to meet its business needs.

Manufacturing Analyst Level 2:

Bachelor’s degree with 1 years of experience

Experience with Microsoft applications (Word, Excel, Power Point)

Must have ability to obtain and maintain U.S. Government Secret Security Clearance

Must have the ability to obtain and maintain Special Program Access (PAR) within a reasonable period of time as determined by the company to meet its business needs.","Current Program Access Request (PAR) Experience tracking financials and updating cost analysis records

Experience with i.e., Microsoft Word, (report writing) Excel (with the ability to create, edit, log and track data in spreadsheets), MS PowerPoint (ability to create, edit and present information).

Experience interfacing with internal teams and external suppliers and vendors   

Experience in manufacturing or Tooling environment.

Experience with Siemens NX and Catia V5 Experience in an engineering or aerospace environment

Experience using Manufacturing Execution System (MES)

Project management experience

Ability to read and interpret 2-D drawings/blueprints

Primary Level Salary Range: $51,500.00 - $77,300.00

Secondary Level Salary Range: $62,100.00 - $93,100.00

The above salary range represents a general guideline; however, Northrop Grumman considers a number of factors when determining base salary offers such as the scope and responsibilities of the position and the candidate's experience, education, skills and current market conditions.

Depending on the position, employees may be eligible for overtime, shift differential, and a discretionary bonus in addition to base pay. Annual bonuses are designed to reward individual contributions as well as allow employees to share in company results. Employees in Vice President or Director positions may be eligible for Long Term Incentives. In addition, Northrop Grumman provides a variety of benefits including health insurance coverage, life and disability insurance, savings plan, Company paid holidays and paid time off (PTO) for vacation and/or personal business."
R10233434,Financial Analyst level 2 or 3 (18594),Finance and Accounting,"Roy, UT, US",onsite,5/19/2026,https://jobs.northropgrumman.com/careers/job/1340071783188,"Performs research and studies subjects such as rates of return, investments, and financial and expense comparisons by analysis of profit and loss statements, balance sheet, and income statements. Prepares reports of findings and recommendations to management. Develops, maintains, and establishes operational specifications for financial information systems considering such things as information flow, volume, and document format for data processing equipment. May provide analysis on business development and may monitor business performance by unit or division.Setup, monitoring, and controlling program costs.Estimate at completion and forecast related activities.Performing miscellaneous financial analysis as required.","This position may be filled at a Financial Analyst level or Principal Financial Analyst level

A minimum of 2 years of experience in Business, Finance, Accounting, Cost Accounting and/or Aerospace & Defense Business-related experience with a bachelor’s degree; 1 year of experience with master’s degree; or 6 years of relevant experience may be considered with a High School diploma (or equivalent) in lieu of a degree. (Principal level requires 5 years with a bachelors; 3 years with a master's, or 9 years of experience with a High School diploma may be considered in lieu of a degree)Requires experience with MS Office Outlook, Word, PowerPoint and Excel. Requires experience with an ERP (Enterprise Resource Planning) tool, Business Intelligence & Analytics tool. Requires experience with IBM Cognos Analytics.Requires experience with Project Management & Planning tool and/or Collaboration & Integration tools.Requires US Citizenship and the ability to obtain a US Government Secret Security Clearance","Active Secret Security ClearanceExperience in Accounting, Finance, Business Administration. Working knowledge of S4.Proficiency in Microsoft Excel, Power BI, and data visualization tools.Experience managing and analyzing project costs Experience supporting contracts with EVMS requirementsStrong analytical, problem-solving, and communication skills.

Position Benefits

As a full-time employee of Northrop Grumman Defense Systems, you are eligible for our robust benefits package including:

Medical, Dental & Vision coverage401kEducational AssistanceLife InsuranceEmployee Assistance Programs & Work/Life SolutionsPaid Time OffHealth & Wellness ResourcesEmployee Discounts 

This position’s standard work schedule is a 9/80A. The 9/80 schedule allows employees who work a nine-hour day Monday through Thursday to take every other Friday off. This role may offer a competitive relocation assistance package.

Primary Level Salary Range: $65,500.00 - $98,300.00

Secondary Level Salary Range: $81,400.00 - $122,000.00

The above salary range represents a general guideline; however, Northrop Grumman considers a number of factors when determining base salary offers such as the scope and responsibilities of the position and the candidate's experience, education, skills and current market conditions.

Depending on the position, employees may be eligible for overtime, shift differential, and a discretionary bonus in addition to base pay. Annual bonuses are designed to reward individual contributions as well as allow employees to share in company results. Employees in Vice President or Director positions may be eligible for Long Term Incentives. In addition, Northrop Grumman provides a variety of benefits including health insurance coverage, life and disability insurance, savings plan, Company paid holidays and paid time off (PTO) for vacation and/or personal business."
R10233522,Contracts Administrator,Contracts,"Huntsville, AL, US",onsite,5/19/2026,https://jobs.northropgrumman.com/careers/job/1340071786600,,Bachelor’s degree with 2 years of professional contracts experience – OR – Master’s degree   Must have the ability to obtain and maintain a U.S. Government Secret security clearanceBasic knowledge of MS Office tools,"Master’s degree in Business, Finance or Acquisitions4+ years’ experience in Defense Contract AdministrationExperience with cost-type or firm fixed price (FFP) procurement contract types, experience with Other Transactions is a plusExperience with federal government contracting requirements; FAR/DFARs interpretations

Soft Skills: 

Ability to coordinate on a daily basis with internal and external customers to address any outstanding questions or issues in a timely mannerSelf-starter with excellent analytical and communication skills, the ability to work independently, multi-task, and prioritize workloadComfortable being directly involved with customer negotiations and discussionsAbility to work in a fast-paced environmentAbility to meet high performance expectations in a dynamic work environmentHave excellent communication skills

Curious about all the exciting developments with the Northrop Grumman Space Sector? Click the link below:

https://www.northropgrumman.com/space

Working at Northrop Grumman is more than just a paycheck. We offer a comprehensive Total Rewards and benefits package designed to help you thrive at work and in life. For more information on our Total Rewards package, please visit our Total Rewards site.

Northrop Grumman Total Rewards 

Primary Level Salary Range: $72,400.00 - $108,600.00

The above salary range represents a general guideline; however, Northrop Grumman considers a number of factors when determining base salary offers such as the scope and responsibilities of the position and the candidate's experience, education, skills and current market conditions.

Depending on the position, employees may be eligible for overtime, shift differential, and a discretionary bonus in addition to base pay. Annual bonuses are designed to reward individual contributions as well as allow employees to share in company results. Employees in Vice President or Director positions may be eligible for Long Term Incentives. In addition, Northrop Grumman provides a variety of benefits including health insurance coverage, life and disability insurance, savings plan, Company paid holidays and paid time off (PTO) for vacation and/or personal business."
R10233291,U107 Janitor B2,NGC - Non - NGJF Union,"Baltimore, MD, US",onsite,5/19/2026,https://jobs.northropgrumman.com/careers/job/1340071774671,,US Citizenship required,
R10233302,2026 Associate Contract Administrator/Contract Administrator Woodland Hills CA,Contracts,"Los Angeles, CA, US",onsite,5/19/2026,https://jobs.northropgrumman.com/careers/job/1340071774945,,,
R10233270,Systems Engineer - Integration & Test,Systems/Architecture/Test,"Los Angeles, CA, US",onsite,5/19/2026,https://jobs.northropgrumman.com/careers/job/1340071774097,"Identifying unique requirements from a broad customer base, flowing the requirements into design documentation, and working with a diverse team to build and test those requirements.

Work on the capabilities of current products, performance analyses, design information, and requirements verification methods.

Ensure logical and systematic conversion of customer or product requirements into total systems solutions that acknowledge technical, schedule, and cost constraints.

Perform functional analysis, timeline analysis, detail trade studies, requirements allocation.

Generate, review, and manage multiple requirements sets that cover all aspects of both performance and nonperformance including mechanical interfaces, electrical interfaces, data requirements, environmental requirements, and reliability.

Awareness and responsiveness to contract milestones and deliverables.

Work with an Agile team to ensure the designs are sufficient to meet the system requirements.

Work with various Agile teams to ensure all requirements are verified through inspection, analysis, demonstration, or test often by providing test and data reduction scripts.

Facilitate test directions to ensure production tests and troubleshooting tests are executed correctly and resulting data conforms to requirements.

Develop simulation models for sensors and systems.

Basic Qualifications for Systems Engineer:

Bachelor's of Science degree in a STEM discipline (Science, Technology, Engineering, Math) with 2+ years of engineering experience OR Master's Science degree in a STEM discipline (Science, Technology, Engineering, Math)

Experience in System Engineering activities such as:

Software requirements development

Requirements development,

Test Case development,

Verification and Validation i.e. experience running tests and documenting results

The ability to obtain and maintain a U.S. Government Secret clearance is required.

Ability to work onsite full-time at Woodland Hills, CA

Preferred Qualifications for Systems Engineer:

Excellent written and oral communication skills

Collaborate with cross-functional teams

Experience supporting test investigations and debugging efforts

Experience with IBM Rational DOORS and technical baseline management

Experience with working in an engineering Agile team

Experience with JIRA

Systems Engineering experience on large, complex systems

Lab and system integration experience

Excellent time management, organizational skills

Understanding and experience with Model Based Systems Engineering and Cameo modeling (or equivalent)

Experience with ClearQuest / ClearCase

Primary Level Salary Range: $91,800.00 - $137,600.00

The above salary range represents a general guideline; however, Northrop Grumman considers a number of factors when determining base salary offers such as the scope and responsibilities of the position and the candidate's experience, education, skills and current market conditions.

Depending on the position, employees may be eligible for overtime, shift differential, and a discretionary bonus in addition to base pay. Annual bonuses are designed to reward individual contributions as well as allow employees to share in company results. Employees in Vice President or Director positions may be eligible for Long Term Incentives. In addition, Northrop Grumman provides a variety of benefits including health insurance coverage, life and disability insurance, savings plan, Company paid holidays and paid time off (PTO) for vacation and/or personal business.",,
R10233417,Software Engineer: Automation/AI - Level 3 (Chandler),Software,"Chandler, AZ, US",onsite,5/19/2026,https://jobs.northropgrumman.com/careers/job/1340071782023,,,"Active DoD Secret Security Clearance or higher

Curious about all the exciting developments with the Northrop Grumman Space Sector? Click the link below:

https://www.northropgrumman.com/space

Working at Northrop Grumman is more than just a paycheck. We offer a comprehensive Total Rewards and benefits package designed to help you thrive at work and in life. For more information on our Total Rewards package, please visit our Total Rewards site.

Northrop Grumman Total Rewards 

Primary Level Salary Range: $98,400.00 - $123,000.00

The above salary range represents a general guideline; however, Northrop Grumman considers a number of factors when determining base salary offers such as the scope and responsibilities of the position and the candidate's experience, education, skills and current market conditions.

Depending on the position, employees may be eligible for overtime, shift differential, and a discretionary bonus in addition to base pay. Annual bonuses are designed to reward individual contributions as well as allow employees to share in company results. Employees in Vice President or Director positions may be eligible for Long Term Incentives. In addition, Northrop Grumman provides a variety of benefits including health insurance coverage, life and disability insurance, savings plan, Company paid holidays and paid time off (PTO) for vacation and/or personal business."
R10233299,Electrical Engineer 2 – Electrical Ground Support Equipment (EGSE),Electrical,"Chandler, AZ, US",onsite,5/18/2026,https://jobs.northropgrumman.com/careers/job/1340071774871,"Broad understanding and application of company electrical engineering technical standards.Broad technical expertise and working knowledge of other related disciplines.Prepares and presents electrical engineering materials for Requirements and Design Reviews.With minimal guidance, studies basic design concepts and criteria for more complex problems.Applies electrical engineering principles to adapt or improve upon heritage features from previous successful designs of a similar nature.Actively and effectively participates and contributes in a positive manner while supporting team decisions and goals.Makes an extra effort to provide quality internal and external customer service.Constantly seeks new sources of information and provides information necessary to meet customer needs.Disciplined with escalation when required.Derives requirements through multiple sources of documentation and design meetings.Evaluate, with supervision, uncertainty and risks associated with requirements and designs.Patriciate in trade studies for both internal projects and procured equipment.Act with safety as your number one priority through every aspect of the role.Provides formal peer review of simple engineering designs or analyses for less experienced engineers.Completing day-to-day activities with no oversight of senior engineers.

Desired Experience:

Design, test, and/or integration and deployment of electrical ground support equipment (EGSE) or test support equipment (TSE).Design, test, programming, and/or integration and deployment of automated test equipment (ATE).Testing of avionics, electronic components, or electrical systems using purpose designed test equipment.Burndown of nonconformances and/or root cause failure analysis of electronic systems.Release of engineering documentation including technical drawings, specifications, and test procedures.Leading teams or personnel in the execution of test procedures.Leading teams or personnel in the design of electronic equipment.Management or tracking of projects through a product life cycle.Support of manufacturing engineering during the production of test equipment products.Experience with telemetry systems including decoms and chapter 10 recorders.Development or support of Hardware-in-the-Loop (HiL) or other integrations labs.Problem solving not only for technical issues, but also for schedule, cost, resource and other project challenges.Mentoring and cross-training team members across a diverse set of technologies and equipment architectures used to meet customer requirements.Knowledgeable with the use of basic test equipment such as power supplies, oscilloscopes, DMMs, and electronic loads.Broad or high-level circuit design and analysis.

Also seeking experience in any of the following:

LabVIEW/TestStand programming and NI hardware and software products.Contributions to process improvement initiatives.CompTIA Security+ or similar certifications.Usage and troubleshooting of networks, Windows systems, and RHEL or other Linux distributions.Experience with classified test systems or systems subject to cyber security policies.

Basic Qualifications for Principal Electrical Engineer - 2

Requires 2 years with a Bachelor’s in Engineering or 0 years with a Master’s in Engineering.Ability to obtain DoD Secret Clearance at time of application.U.S. Citizenship is requiredProficient knowledge of electrical engineering principles.Design, Test, or Integration experience with EGSE or similar equipment.Experience with processes applicable to operating EGSE in secure environments.

Primary Level Salary Range: $79,300.00 - $118,900.00

The above salary range represents a general guideline; however, Northrop Grumman considers a number of factors when determining base salary offers such as the scope and responsibilities of the position and the candidate's experience, education, skills and current market conditions.

Depending on the position, employees may be eligible for overtime, shift differential, and a discretionary bonus in addition to base pay. Annual bonuses are designed to reward individual contributions as well as allow employees to share in company results. Employees in Vice President or Director positions may be eligible for Long Term Incentives. In addition, Northrop Grumman provides a variety of benefits including health insurance coverage, life and disability insurance, savings plan, Company paid holidays and paid time off (PTO) for vacation and/or personal business.",,
R10231861,Policies and Procedures Analyst,Policy/Procedure,"Linthicum Heights, MD, US",onsite,5/18/2026,https://jobs.northropgrumman.com/careers/job/1340071611902,,"Bachelor's degree and 2 years of relevant experience (or a Master's degree).

Proficient with Microsoft Word and Excel.","Experience with Microsoft Vizio and SharePoint.

Knowledge of the government regulations FAR and DFARS

Have developed and implemented metrics related to process rigor

Primary Level Salary Range: $65,800.00 - $98,800.00

The above salary range represents a general guideline; however, Northrop Grumman considers a number of factors when determining base salary offers such as the scope and responsibilities of the position and the candidate's experience, education, skills and current market conditions.

Depending on the position, employees may be eligible for overtime, shift differential, and a discretionary bonus in addition to base pay. Annual bonuses are designed to reward individual contributions as well as allow employees to share in company results. Employees in Vice President or Director positions may be eligible for Long Term Incentives. In addition, Northrop Grumman provides a variety of benefits including health insurance coverage, life and disability insurance, savings plan, Company paid holidays and paid time off (PTO) for vacation and/or personal business."
R10233000,Milling Machine Machinist 3,Manufacturing and Production,"Melbourne, FL, US",onsite,5/18/2026,https://jobs.northropgrumman.com/careers/job/1340071738945,,"High School diploma or equivalent and 4 years related machining experience in an aerospace, military, or manufacturing environment.Experience in programing and operating a 3 axis and/or 5 axis CNC machine (with simultaneous movements)Experience in GD&T in design and manufacturing processExperience in Mastercam or related Cam softwareThis position requires the ability to perform moderate strenuous physical and repetitious work to include: bending, stooping, kneeling, carrying tools, lifting up to 35 pounds, working overhead or at heights, and accessing small, confined spacesAbility to pass a new hire Physical.Must have the ability to obtain and maintain a U.S. Government Secret level clearance and Special Program Access within a reasonable period, as defined by the company to meet its business needs. U.S. Citizenship required for clearance.","Ability to design and create customized fixtures and tooling for jobsExperience working in an Aviation Rapid Prototype and/or Experimental Fabrication EnvironmentExperience using NX or CAD modeling programsExperience working from Composites, Al, Ti, and InconelActive U.S. Government Secret level clearance last investigated within 5 1/2 years.Experience with Aerospace PartsExperience in a team environmentInnovative and self-motivatedKnowledge of ERP/SAP

Primary Level Salary Range: $62,700.00 - $104,500.00

The above salary range represents a general guideline; however, Northrop Grumman considers a number of factors when determining base salary offers such as the scope and responsibilities of the position and the candidate's experience, education, skills and current market conditions.

Depending on the position, employees may be eligible for overtime, shift differential, and a discretionary bonus in addition to base pay. Annual bonuses are designed to reward individual contributions as well as allow employees to share in company results. Employees in Vice President or Director positions may be eligible for Long Term Incentives. In addition, Northrop Grumman provides a variety of benefits including health insurance coverage, life and disability insurance, savings plan, Company paid holidays and paid time off (PTO) for vacation and/or personal business."
R10233379,Associate Engineer Microelectronic Semiconductors,Electrical,"Manhattan Beach, CA, US",onsite,5/18/2026,https://jobs.northropgrumman.com/careers/job/1340071776358,,Bachelor’s degree in STEM with 0 years of related experienceHands-on experience in III-V Semiconductor ProcessingStrong problem-solving skills and ability to analyze measurement data statisticallyUS Citizenship Required,"Familiar with on-wafer test stationsFamiliar with RF test equipmentFamiliar with mechanical drawingsFamiliar with soldering and assembling modulesGood understanding of electrical and mechanical fundamentalsPrior experience in a high-volume manufacturing or semiconductor test environment to help identify and improve throughput limitersExperience with statistical process control (SPC), yield analysis, and Six Sigma toolsThe ability to obtain and maintain a Clearance

Primary Level Salary Range: $76,200.00 - $114,400.00

The above salary range represents a general guideline; however, Northrop Grumman considers a number of factors when determining base salary offers such as the scope and responsibilities of the position and the candidate's experience, education, skills and current market conditions.

Depending on the position, employees may be eligible for overtime, shift differential, and a discretionary bonus in addition to base pay. Annual bonuses are designed to reward individual contributions as well as allow employees to share in company results. Employees in Vice President or Director positions may be eligible for Long Term Incentives. In addition, Northrop Grumman provides a variety of benefits including health insurance coverage, life and disability insurance, savings plan, Company paid holidays and paid time off (PTO) for vacation and/or personal business."
R10232844,Plant Protection Officer,NGC - Non - NGJF Union,"Rocket Center, WV, US",onsite,5/18/2026,https://jobs.northropgrumman.com/careers/job/1340071720054,,"Must be Fire Fighter Certified and have current certifications.

High School Diploma or GED

Active, valid driver’s license.

Ability to achieve Firearms Qualification – rifle, handgun and shotgun - within 90 days of hiring.

Able to pass physician’s physical and perform duties of a fire brigade member in accordance with NFPA and OSHA standards.

Obtain and maintain an ATF EPQ.

Ability to participate in specialty teams; HAZWOPER, confined space rescue, as required.

Must be able to obtain a DoD Secret Clearance; U.S. Citizenship is a prerequisite","Current First Aid and CPR certification.

3 years of Fire Fighter active experience as volunteer or paid employee

Security, Law Enforcement or Military Background

2 years or more experience, preferably in a defense manufacturing environment

Security, Law Enforcement or Military Background

2 years or more experience, preferably in a defense manufacturing environment

This position falls under a Federal Explosives License issued by the Bureau of Alcohol, Tobacco, Firearms and Explosives (ATF) for this location.  Candidates hired into this role will be required to complete and submit an Employee Possessor Questionnaire to ATF for approval to be a possessor."
R10232623,Manufacturing Analyst,Manufacturing and Production,"Elkridge, MD, US",onsite,5/18/2026,https://jobs.northropgrumman.com/careers/job/1340071717848,,"Bachelor's degree with 2 years of relevant experience in Manufacturing, Materials, MRP, Production Control, Supply Chain or related field, Master's degree and relevant experience in Manufacturing, Materials, MRP, Production Control, Supply Chain or related field, 6 years of relevant experience in Manufacturing, Materials, MRP, Production Control, Supply Chain or related field may be considered in lieu of a degree

Experience using MRP/ERP business systems

Experience using MS Office suite with emphasis on Excel/data analysis skills

Ability to obtain and maintain a U.S. Government Secret security clearance

U.S. citizenship required","Current/Active U.S. Government Secret Security Clearance

Experience working in SAP

APICS/ASCM CPIM certification

Prior production or repair planning experience

Experience working within a Depot environment supporting various DOD and commercial customers

Northrop Grumman tools related to job function (GOLD, ISE, Cadstar)

Proactive, analytical troubleshooter/problem-solver

Self-motivated multi-tasker

Demonstrated oral and written communication skills

What We Can Offer You:

Northrop Grumman provides a comprehensive benefits package and a work environment which encourages your growth and supports the mutual success of our people and our company. Northrop Grumman benefits give you the flexibility and control to choose the benefits that make the most sense for you and your family.

Your benefits will include the following: Health Plan, Savings Plan, Paid Time Off and Additional Benefits including Education Assistance, Training and Development, 9/80 Work Schedule (where available), and much more!

Primary Level Salary Range: $72,400.00 - $108,600.00

The above salary range represents a general guideline; however, Northrop Grumman considers a number of factors when determining base salary offers such as the scope and responsibilities of the position and the candidate's experience, education, skills and current market conditions.

Depending on the position, employees may be eligible for overtime, shift differential, and a discretionary bonus in addition to base pay. Annual bonuses are designed to reward individual contributions as well as allow employees to share in company results. Employees in Vice President or Director positions may be eligible for Long Term Incentives. In addition, Northrop Grumman provides a variety of benefits including health insurance coverage, life and disability insurance, savings plan, Company paid holidays and paid time off (PTO) for vacation and/or personal business."
R10233096,2026 Associate Program Cost and Schedule Control Analyst - Mesa AZ,Business Management Mult-Func,"Mesa, AZ, US",onsite,5/18/2026,https://jobs.northropgrumman.com/careers/job/1340071747396,,"A candidate must meet ALL of the below criteria. The candidate must:

Be completing or has completed their degree (Bachelor’s, Master’s, or PhD) from an accredited institutionBe majoring in or having majored in Finance, Accounting, Business Administration or related field.Be able to obtain a U.S. Government security clearance (U.S. citizenship is a pre-requisite)Strong PC skills - specifically Excel proficiency (including pivot tables, Vlookup, and conditional formatting)​",Have an overall cumulative GPA of 3.0/4.0 or higher Strong problem solving and analytical skills; ability to make recommendations and provide guidance to effectively drive projects to completion. Earned Value Management (EVM) experienceStrong problem solving and analytical skills; ability to make recommendations and provide guidance to effectively drive projects to completion.Excellent oral and written communication skills and a keen attention to detail
R10233352,Engineer ASIC,Systems/Architecture/Test,"Manhattan Beach, CA, US; Redondo Beach, CA, US",onsite,5/18/2026,https://jobs.northropgrumman.com/careers/job/1340071775848,,"STEM Bachelor's Degree with 2+ years of hardware engineering experience; OR a STEM Master's Degree with 0+ years of hardware engineering experience

Demonstrated hardware testing experience at either the board, unit, or subsystem level

Experience in an electronic test environment that verifies specification requirements

Previous experience as an electrical engineering hardware designer","Master's Degree in Electrical Engineering, Computer Engineering, or STEM Degree

Experience presenting to technical leadership

Experience designing, developing, and delivery of ground system hardware

Experience in analog, RF, or digital test set development and testing

Experience with ground antenna subsystems

Experience with hardware installs at a customer site

Primary Level Salary Range: $101,000.00 - $151,400.00

The above salary range represents a general guideline; however, Northrop Grumman considers a number of factors when determining base salary offers such as the scope and responsibilities of the position and the candidate's experience, education, skills and current market conditions.

Depending on the position, employees may be eligible for overtime, shift differential, and a discretionary bonus in addition to base pay. Annual bonuses are designed to reward individual contributions as well as allow employees to share in company results. Employees in Vice President or Director positions may be eligible for Long Term Incentives. In addition, Northrop Grumman provides a variety of benefits including health insurance coverage, life and disability insurance, savings plan, Company paid holidays and paid time off (PTO) for vacation and/or personal business."
R10233013,Quality Inspector 2,Mission and Quality Assurance,"Hopkinton, MA, US",onsite,5/15/2026,https://jobs.northropgrumman.com/careers/job/1340071738990,"Perform in-process and final inspections and end-item data package review.

Perform detailed mechanical inspections at the piece part level as well as the assembly and sub-assembly level.

Generate nonconformance reports for discrepancies discovered during inspection processes.

Perform internal audits of work areas and processes to ensure compliance with Northrop Grumman QMS procedures & AS9100.

Perform safety audits.   

Maintain necessary inspection records.

Oversee Calibration process.

Facilitate Customer Source Inspections.

First Article Inspection Reports per AS9102.

Uphold quality standards and workmanship practices in assigned work centers by learning process specifications and employing quality workmanship standards during everyday job functions.","High School Diploma and 2 years of relevant experience in Quality Assurance, Electrical, or Mechanical field,

Must be able to read engineering documentation and inspect to drawings and parts lists, inspection plans, and supplemental instructions,

Experience in the use of Microsoft applications and ability to learn new computer programs/applications.

Your ability to obtain and/or transfer and maintain the final adjudicated Secret Clearance and any program access(es) required for the position within a reasonable period of time, as determined by the company.","Associates degree in a STEM discipline.

Working knowledge of SAP MRP system.

Previous experience working for an ISO-certified company.

Primary Level Salary Range: $51,400.00 - $85,600.00

The above salary range represents a general guideline; however, Northrop Grumman considers a number of factors when determining base salary offers such as the scope and responsibilities of the position and the candidate's experience, education, skills and current market conditions.

Depending on the position, employees may be eligible for overtime, shift differential, and a discretionary bonus in addition to base pay. Annual bonuses are designed to reward individual contributions as well as allow employees to share in company results. Employees in Vice President or Director positions may be eligible for Long Term Incentives. In addition, Northrop Grumman provides a variety of benefits including health insurance coverage, life and disability insurance, savings plan, Company paid holidays and paid time off (PTO) for vacation and/or personal business."
R10231958,Fabrication Center Production Planner 3,Manufacturing and Production,"Lake Charles, LA, US",onsite,5/15/2026,https://jobs.northropgrumman.com/careers/job/1340071720280,,"High School Diploma or equivalent and a minimum of four years of experience working in inventory planning or materials requirements planning (MRP), or similar role within a highly technical manufacturing/production work environment

Technical skills in budgeting, forecasting, and financial analysis.

Proficient with MS Office (Excel, PowerPoint, Word).

Strong interpersonal skills: ability to work in a team environment.

Experience reviewing and interpreting engineering drawings and specifications.

Experience authoring, modifying, and auditing work procedures

Ability to obtain and maintain a DOD Secret level clearance.

U.S. Citizenship.","A current Secret or higher clearance.

Primary Level Salary Range: $57,500.00 - $95,900.00

The above salary range represents a general guideline; however, Northrop Grumman considers a number of factors when determining base salary offers such as the scope and responsibilities of the position and the candidate's experience, education, skills and current market conditions.

Depending on the position, employees may be eligible for overtime, shift differential, and a discretionary bonus in addition to base pay. Annual bonuses are designed to reward individual contributions as well as allow employees to share in company results. Employees in Vice President or Director positions may be eligible for Long Term Incentives. In addition, Northrop Grumman provides a variety of benefits including health insurance coverage, life and disability insurance, savings plan, Company paid holidays and paid time off (PTO) for vacation and/or personal business."
R10233094,Quality Analyst,Mission and Quality Assurance,"Warner Robins, GA, US",onsite,5/15/2026,https://jobs.northropgrumman.com/careers/job/1340071747353,,"Bachelor’s Degree or a minimum of 2 years experience performing Quality Assurance inspections, responsibilities, or compliance related activities. Or Master's degree with 0 years of experience performing Quality Assurance inspections, responsibilities, or compliance related activities; Or 6 years of experience performing Quality Assurance inspections in lieu of degree. Familiarity with Root Cause and Corrective Action activities and or exercisesBasic understanding of nonconforming material inspection conceptsExperience inspecting or performing electronics manufacturing / repairsStrong attention to detail required as this position requires processing data and tracking requirements across several programs simultaneouslyAbility to work with all levels of management, generate metrics, and utilization of excellent communication skills are a must.Able to obtain an Active Secret clearance or higher.","Bachelor’s Degree (STEM)Experience with manufacturing and repair systems, MES, IMRO, and GOLD.2+ years of electronics inspection, repair, or manufacturing experienceExperience with agile processes and toolsProficiency in SharePoint and ExcelExcellent skills in critical thinking, and technical writing 

Primary Level Salary Range: $65,500.00 - $98,300.00

The above salary range represents a general guideline; however, Northrop Grumman considers a number of factors when determining base salary offers such as the scope and responsibilities of the position and the candidate's experience, education, skills and current market conditions.

Depending on the position, employees may be eligible for overtime, shift differential, and a discretionary bonus in addition to base pay. Annual bonuses are designed to reward individual contributions as well as allow employees to share in company results. Employees in Vice President or Director positions may be eligible for Long Term Incentives. In addition, Northrop Grumman provides a variety of benefits including health insurance coverage, life and disability insurance, savings plan, Company paid holidays and paid time off (PTO) for vacation and/or personal business."
R10232145,Inspector 3,Mission and Quality Assurance,"Buffalo, NY, US",onsite,5/15/2026,https://jobs.northropgrumman.com/careers/job/1340071715472,,,"Certified J‑STD‑001 (Soldering Materials, Processes, and Flow‑Sheet Requirements).

Certified IPC‑A‑610 (Acceptability of Electronic Assemblies) and IPC‑A‑620 (Cable & Wire Harness Assemblies).

Prior experience with hand‑soldering, reflow, wave, or selective soldering processes.

Experience with statistical process control (SPC) tools and Six Sigma concepts.

SAP experience.

Visual acuity and meticulous observation experience.

Experience with micrometers, calipers, dial indicators, gauges, and inspection fixtures.

Experience with electronic component identification and solder joint assessment.

#MPR

Primary Level Salary Range: $50,900.00 - $84,900.00

The above salary range represents a general guideline; however, Northrop Grumman considers a number of factors when determining base salary offers such as the scope and responsibilities of the position and the candidate's experience, education, skills and current market conditions.

Depending on the position, employees may be eligible for overtime, shift differential, and a discretionary bonus in addition to base pay. Annual bonuses are designed to reward individual contributions as well as allow employees to share in company results. Employees in Vice President or Director positions may be eligible for Long Term Incentives. In addition, Northrop Grumman provides a variety of benefits including health insurance coverage, life and disability insurance, savings plan, Company paid holidays and paid time off (PTO) for vacation and/or personal business."
R10233042,Cables Manufacturing Engineer (Level 2 or 3),Material/Process,"Chandler, AZ, US",onsite,5/15/2026,https://jobs.northropgrumman.com/careers/job/1340071748377,,,"The ability to obtain and maintain a DoD Secret security clearance, which generally requires US Citizenship as a prerequisite

BS in Engineering from an ABET accredited university

Experience with cables

Experience with Capital Software

Familiar with digital formboard for cable assembly

Familiarity with Teamcenter or Solumina

Adept at managing competing priorities

Attention to detail

Curious about all the exciting developments with the Northrop Grumman Space Sector? Click the link below:

https://www.northropgrumman.com/space

We work a 9/80 schedule (9 hours per day Mon-Thurs, 8 hours every other Friday with the alternate Friday off)

Primary Level Salary Range: $72,100.00 - $108,100.00

Secondary Level Salary Range: $89,400.00 - $134,200.00

The above salary range represents a general guideline; however, Northrop Grumman considers a number of factors when determining base salary offers such as the scope and responsibilities of the position and the candidate's experience, education, skills and current market conditions.

Depending on the position, employees may be eligible for overtime, shift differential, and a discretionary bonus in addition to base pay. Annual bonuses are designed to reward individual contributions as well as allow employees to share in company results. Employees in Vice President or Director positions may be eligible for Long Term Incentives. In addition, Northrop Grumman provides a variety of benefits including health insurance coverage, life and disability insurance, savings plan, Company paid holidays and paid time off (PTO) for vacation and/or personal business."
R10233161,Human Factors Engineer (Level 2),Systems/Architecture/Test,"Chandler, AZ, US",onsite,5/15/2026,https://jobs.northropgrumman.com/careers/job/1340071751377,,"Bachelor’s degree with 2 years of related experience – OR – Master’s degree with 0 years experience.   

Must have the ability to obtain and maintain a U.S. Government Secret security clearance which typically requires U.S. Citizenship

Experience using simulation software such as Siemens Process Simulate","BS in Human Factors, Industrial or Mechanical Engineering

Active U.S. security clearance of secret or higher

Aerospace and Defense experience

Curious about all the exciting developments with the Northrop Grumman Space Sector? Click the link below:

https://www.northropgrumman.com/space

Working at Northrop Grumman is more than just a paycheck. We offer a comprehensive Total Rewards and benefits package designed to help you thrive at work and in life. For more information on our Total Rewards package, please visit our Total Rewards site.

Northrop Grumman Total Rewards 

Primary Level Salary Range: $79,300.00 - $118,900.00

The above salary range represents a general guideline; however, Northrop Grumman considers a number of factors when determining base salary offers such as the scope and responsibilities of the position and the candidate's experience, education, skills and current market conditions.

Depending on the position, employees may be eligible for overtime, shift differential, and a discretionary bonus in addition to base pay. Annual bonuses are designed to reward individual contributions as well as allow employees to share in company results. Employees in Vice President or Director positions may be eligible for Long Term Incentives. In addition, Northrop Grumman provides a variety of benefits including health insurance coverage, life and disability insurance, savings plan, Company paid holidays and paid time off (PTO) for vacation and/or personal business."
R10232824,Manufacturing Analyst,Manufacturing and Production,"Baltimore, MD, US",onsite,5/14/2026,https://jobs.northropgrumman.com/careers/job/1340071718696,,"Bachelor's degree and 2 years of relevant experience in Manufacturing, Materials, MRP/planning, Production Control, Supply Chain or similar; Master’s degree and professional experience in Manufacturing, Materials, MRP/planning, Production Control, Supply Chain or similar; 6 years of relevant experience in Manufacturing, Materials, MRP/planning, Production Control, Supply Chain or similar may be considered in lieu of degree requirement

Experience and ability to work on-site in a manufacturing environment

Experience with Manufacturing Execution Systems (such as SAP/ERP or other related system)

Experience with MS Office 365 (Word, Excel – pivot tables, PowerPoint) & Tableau

The ability to obtain and maintain a U.S. Government Secret Security Clearance is required

U.S. citizenship required","Advanced Degree in Industrial Engineering, Business Administration, Supply Chain Management, Mathematics or other closely related fields

Experience with Scheduling tools (DPS)

Current/Active U.S. Government Secret clearance

What We Can Offer You:

Northrop Grumman provides a comprehensive benefits package and a work environment which encourages your growth and supports the mutual success of our people and our company. Northrop Grumman benefits give you the flexibility and control to choose the benefits that make the most sense for you and your family.

Your benefits will include the following: Health Plan, Savings Plan, Paid Time Off and Additional Benefits including Education Assistance, Training and Development, 9/80 Work Schedule (where available), and much more!

Primary Level Salary Range: $72,400.00 - $108,600.00

The above salary range represents a general guideline; however, Northrop Grumman considers a number of factors when determining base salary offers such as the scope and responsibilities of the position and the candidate's experience, education, skills and current market conditions.

Depending on the position, employees may be eligible for overtime, shift differential, and a discretionary bonus in addition to base pay. Annual bonuses are designed to reward individual contributions as well as allow employees to share in company results. Employees in Vice President or Director positions may be eligible for Long Term Incentives. In addition, Northrop Grumman provides a variety of benefits including health insurance coverage, life and disability insurance, savings plan, Company paid holidays and paid time off (PTO) for vacation and/or personal business."
R10232688,SCA Engineering Technician 1,NGC - Non - NGJF Service Contract Act,"Warner Robins, GA, US",onsite,5/14/2026,https://jobs.northropgrumman.com/careers/job/1340071704317,,,"·          

Minimum of 2 years of repair capability experience (i.e., fabricating, repairing, and modifying complex electronic assemblies, circuit cards, shop or line replaceable units and wiring harnesses).

Experience using controlled drawings and work instructions. Experience

with the usage, assembly and repair of military grade pins, connectors, and the associated tooling. Ability

to assemble and disassemble electronic assemblies using detailed drawings, work instructions or Technical Orders.

NGSkills

Primary Level Salary Range: $17.75 - $17.75

The above salary range represents a general guideline; however, Northrop Grumman considers a number of factors when determining base salary offers such as the scope and responsibilities of the position and the candidate's experience, education, skills and current market conditions.

Depending on the position, employees may be eligible for overtime, shift differential, and a discretionary bonus in addition to base pay. Annual bonuses are designed to reward individual contributions as well as allow employees to share in company results. Employees in Vice President or Director positions may be eligible for Long Term Incentives. In addition, Northrop Grumman provides a variety of benefits including health insurance coverage, life and disability insurance, savings plan, Company paid holidays and paid time off (PTO) for vacation and/or personal business."
R10232659,Engineer Aeronautical (Level 1 or 2),Mechanical,"Vandenberg Space Force Base, CA, US",onsite,5/14/2026,https://jobs.northropgrumman.com/careers/job/1340071699893,"The candidate will serve as an Integration and Test Aeronautical Engineer. Daily responsibilities may require direct contact with sensitive launch vehicle flight hardware and ground support equipment. The candidate may be expected to help develop, plan and/or perform integration and testing activities associated with the assembly of flight hardware, testing of assembled systems and components, or execution/support of live fire tests (static and/or flight) at various facilities or launch ranges.

The successful candidate will have many duties, some of which include:

Hands-on integration or testing

Developing/maintaining procedures

Incorporating hardware/tooling design changes

Developing/planning/coordinating integration activities

Coordinating with suppliers and procurement office

Creating digital/physical mockups and tools

Complying with strict aerospace standards

Supporting live fire static testing and flight test events

This position can be filled at either a Level 1 or Level 2.

Basic Qualifications for Level 1:

Bachelor's degree in a STEM field + 6-12 months of relevant experience OR Masters Degree + 0 years of experience

Must have the ability to obtain and maintain a DoD Secret security clearance, which generally requires US Citizenship as a prerequisite

Ability to write clear and concise work instructions

Hands-on mechanical aptitude

Ability to solve problems, support troubleshooting efforts, drive tasks to completion

Ability to work in a fast-paced environment and multi-task

Ability to work in a team environment, and lead small projects or teams

Ability to travel: Travel expectation 10%

Basic Qualifications for Level 2:

Bachelor's degree in a STEM field + 2 years of relevant experience OR Masters Degree + 0 years of experience

Must have the ability to obtain and maintain a DoD Secret security clearance, which generally requires US Citizenship as a prerequisite

Ability to write clear and concise work instructions

Hands-on mechanical aptitude

Ability to solve problems, support troubleshooting efforts, drive tasks to completion

Ability to work in a fast-paced environment and multi-task

Ability to work in a team environment, and lead small projects or teams

Ability to travel: Travel expectation 10%",,"Active DoD Secret level security clearance

Electrical, Mechanical, Aerospace or Systems Engineering background

Experience with aerospace standards/guidelines

Experience with external customer interfacing including meetings, presentations & negotiations

Experience working with operational hazards such as propulsive devices, pressurized systems, overhead lifting, and high voltage systems

Awareness of safety protocols around solid rocket motors

Knowledge and experience with CAD software and GD&T

Experience working with design, integration, or testing of launch vehicles

Primary Level Salary Range: $76,200.00 - $114,400.00

Secondary Level Salary Range: $91,800.00 - $137,600.00

The above salary range represents a general guideline; however, Northrop Grumman considers a number of factors when determining base salary offers such as the scope and responsibilities of the position and the candidate's experience, education, skills and current market conditions.

Depending on the position, employees may be eligible for overtime, shift differential, and a discretionary bonus in addition to base pay. Annual bonuses are designed to reward individual contributions as well as allow employees to share in company results. Employees in Vice President or Director positions may be eligible for Long Term Incentives. In addition, Northrop Grumman provides a variety of benefits including health insurance coverage, life and disability insurance, savings plan, Company paid holidays and paid time off (PTO) for vacation and/or personal business."
R10221779,SDS Associate/Project Management - 17519*,Project Management (Non-P&L),"Roy, UT, US",onsite,5/14/2026,https://jobs.northropgrumman.com/careers/job/1340069818893,,"Associate Project Manager: Bachelor's degree.

Project Manager: Bachelor's degree and 2 years of related experience; 0 Years with Masters or an additional 4 years of related experience in lieu of a degree.

Must have the ability to obtain and maintain a U.S. Government DoD security clearance (Secret, Top Secret; etc.)

Experience in project management/ execution and closeout.

Skilled use of Microsoft Office Products (PowerPoint, Word, Excel, Project).

Demonstrated knowledge of Project Management principles.

Excellent interpersonal, communication and organizational skills.

Ability to establish a solid working relationship with technical staff, peers, and customers.

Experience planning, scheduling, and managing projects.

Experience developing content, packaging, and briefing communication to small groups.","In scope active DoD Secret clearance.

Knowledge with Earned Value Management System.

Schedule management, budget management, stakeholder management, and performance management.

Analytical, strategic, and critical thinking skills.

Knowledge of Earned Value Management Concepts.

Primary Level Salary Range: $54,400.00 - $81,600.00

Secondary Level Salary Range: $65,500.00 - $98,300.00

The above salary range represents a general guideline; however, Northrop Grumman considers a number of factors when determining base salary offers such as the scope and responsibilities of the position and the candidate's experience, education, skills and current market conditions.

Depending on the position, employees may be eligible for overtime, shift differential, and a discretionary bonus in addition to base pay. Annual bonuses are designed to reward individual contributions as well as allow employees to share in company results. Employees in Vice President or Director positions may be eligible for Long Term Incentives. In addition, Northrop Grumman provides a variety of benefits including health insurance coverage, life and disability insurance, savings plan, Company paid holidays and paid time off (PTO) for vacation and/or personal business."
R10219668,Program Cost and Schedule Control Analyst,Business Management Mult-Func,"Iuka, MS, US",onsite,5/14/2026,https://jobs.northropgrumman.com/careers/job/1340069441521,,"Bachelor's degree with 2 years of experience in Business Management, Finance, Accounting, OR a Master's degree with entry level experience in Business Management, Finance, Accounting

Experience with MS Office including Excel (with Macros, Pivot tables and XLOOKUP) and PowerPoint

Prior experience supporting financials and cost modelling or management

Ability to work on site in Iuka, MS","Experience in Government Contracting with Earned Value Management (EVM)

Experience with Business systems (SAP, Cobra) and using Cobra in a Government Earned Value Management rhythm

Financial forecasting experience on Firm Fixed Price (FFP) and Cost Plus type contracts  

Experience with the AOP (annual operating plan) and LRSP (long range strategic plan) processes

Understanding of US Government procurement and contracting, Cost Accounting Standards, and FAR

Candidate has the ability to identify issues and problems across multiple contracts and make recommendations to management for resolution of mitigation

Ability to obtain and maintain a DoD Secret within a reasonable period of time, as determined by the company to meet its business needs

We offer phenomenal learning opportunities, exposure to a wide variety of projects and customers, and a very friendly collaborative workplace. We are looking for self-motivated, proactive, and goal-oriented people to help us grow our services and become even better at what we do. Does this sound like you?

At Northrop Grumman, we are innovating-- building the next generation of sophisticated aircraft to protect our country. Our diverse portfolio of programs means there are endless paths to cultivate your career. We are well-known for our inclusive, family environment, as well as our excellent work/life balance. We also offer exceptional benefits/healthcare, a 9/80 schedule and a great 401K matching program.

Primary Level Salary Range: $62,100.00 - $93,100.00

The above salary range represents a general guideline; however, Northrop Grumman considers a number of factors when determining base salary offers such as the scope and responsibilities of the position and the candidate's experience, education, skills and current market conditions.

Depending on the position, employees may be eligible for overtime, shift differential, and a discretionary bonus in addition to base pay. Annual bonuses are designed to reward individual contributions as well as allow employees to share in company results. Employees in Vice President or Director positions may be eligible for Long Term Incentives. In addition, Northrop Grumman provides a variety of benefits including health insurance coverage, life and disability insurance, savings plan, Company paid holidays and paid time off (PTO) for vacation and/or personal business."
R10232830,Assembler - Level 2 or Level 3,Manufacturing and Production,"East Hartford, CT, US",onsite,5/13/2026,https://jobs.northropgrumman.com/careers/job/1340071719533,,,"2 year Technical Degree

Soldering experience at a Class 3 level

Previous or current certifications in IPC-620 and/or J-STD 001.

Active Top Secret Security Clearance

Curious about all the exciting developments with the Northrop Grumman Space Sector? Click the link below:

https://www.northropgrumman.com/space

Working at Northrop Grumman is more than just a paycheck. We offer a comprehensive Total Rewards and benefits package designed to help you thrive at work and in life. For more information on our Total Rewards package, please visit our Total Rewards site.

Northrop Grumman Total Rewards 

Primary Level Salary Range: $43,400.00 - $72,300.00

Secondary Level Salary Range: $51,400.00 - $85,600.00

The above salary range represents a general guideline; however, Northrop Grumman considers a number of factors when determining base salary offers such as the scope and responsibilities of the position and the candidate's experience, education, skills and current market conditions.

Depending on the position, employees may be eligible for overtime, shift differential, and a discretionary bonus in addition to base pay. Annual bonuses are designed to reward individual contributions as well as allow employees to share in company results. Employees in Vice President or Director positions may be eligible for Long Term Incentives. In addition, Northrop Grumman provides a variety of benefits including health insurance coverage, life and disability insurance, savings plan, Company paid holidays and paid time off (PTO) for vacation and/or personal business."
R10231625,Business Management Analyst,Business Management Mult-Func,"Charlottesville, VA, US",onsite,5/13/2026,https://jobs.northropgrumman.com/careers/job/1340071583992,,"Bachelor’s degree in Business Administration (Accounting, Economics, Finance, Management, Marketing, etc.) or Business adjacent degree (Mathematics, Risk Management) from an accredited institution with a minimum of 2 years of financial work experience.

Basic understanding of Government Compliance.

Proficiency in Microsoft Excel (pivot tables, lookups, chart generation, VBA macros, etc.)

Ability to travel domestically up to 10%. 

US citizenship is required.

·","SAP, COGNOS, or similar ERP software experience.

Experience in data mining and database management.

Professional experience in Aerospace & Defense, Financial Services, or Telecommunications.

Earned Value Management (EVM) customer reporting, COBRA experience.

The ability to obtain and maintain a U.S. Government Secret clearance.

What We Can Offer You

Northrop Grumman provides a comprehensive benefits package and a work environment which encourages your growth and supports the mutual success of our people and our company. Northrop Grumman benefits give you the flexibility and control to choose the benefits that make the most sense for you and your family.   

Your benefits will include the following:  Health Plan, Savings Plan, Paid Time Off and Additional Benefits including Education Assistance, Training and Development, 9/80 Work Schedule (where available), and much more!

Primary Level Salary Range: $65,500.00 - $98,300.00

The above salary range represents a general guideline; however, Northrop Grumman considers a number of factors when determining base salary offers such as the scope and responsibilities of the position and the candidate's experience, education, skills and current market conditions.

Depending on the position, employees may be eligible for overtime, shift differential, and a discretionary bonus in addition to base pay. Annual bonuses are designed to reward individual contributions as well as allow employees to share in company results. Employees in Vice President or Director positions may be eligible for Long Term Incentives. In addition, Northrop Grumman provides a variety of benefits including health insurance coverage, life and disability insurance, savings plan, Company paid holidays and paid time off (PTO) for vacation and/or personal business."
R10232891,Assembler 3,Manufacturing and Production,"San Diego, CA, US",onsite,5/13/2026,https://jobs.northropgrumman.com/careers/job/1340071722237,,,
R10232847,Optical Precision Electromechanical Assembler 3,Manufacturing and Production,"Rolling Meadows, IL, US",onsite,5/13/2026,https://jobs.northropgrumman.com/careers/job/1340071720128,,,"Optical alignment experience.

Prototyping experience.

Troubleshooting experience.

What We Can Offer You:

Northrop Grumman provides a comprehensive benefits package and a work environment that encourages your growth and supports the mutual success of our people and our company. Northrop Grumman benefits give you the flexibility and control to choose the benefits that make the most sense for you and your family.

Your benefits will include the following: Health Plan, Savings Plan, Paid Time Off, and Additional Benefits, including Education Assistance, Training and Development, 9/80 Work Schedule (where available), and much more!

#MPR

Primary Level Salary Range: $53,500.00 - $89,100.00

The above salary range represents a general guideline; however, Northrop Grumman considers a number of factors when determining base salary offers such as the scope and responsibilities of the position and the candidate's experience, education, skills and current market conditions.

Depending on the position, employees may be eligible for overtime, shift differential, and a discretionary bonus in addition to base pay. Annual bonuses are designed to reward individual contributions as well as allow employees to share in company results. Employees in Vice President or Director positions may be eligible for Long Term Incentives. In addition, Northrop Grumman provides a variety of benefits including health insurance coverage, life and disability insurance, savings plan, Company paid holidays and paid time off (PTO) for vacation and/or personal business."
R10225670,Electronic Technician - Military Veterans Encouraged to Apply,NGC - Non - NGJF Union,"Baltimore, MD, US",onsite,5/13/2026,https://jobs.northropgrumman.com/careers/job/1340070591350,,"High School Diploma/GED.Graduate of a two year, full time electronic technology school OR six months military electronics school plus two years working in the maintenance and repair of electro-mechanical equipment. 

This position description does not represent a current opening but may be used to identify candidates with skills and experience for positions within Northrop Grumman that frequently become available. Candidates who express an interest may be considered for future positions at Northrop Grumman.",
R10232363,Engineer Embedded Software (RF Systems),Software,"Rolling Meadows, IL, US",onsite,5/12/2026,https://jobs.northropgrumman.com/careers/job/1340071648894,,,
R10232590,Engineer Energetics Manufacturing - 2/3,Material/Process,"Corinne, UT, US",onsite,5/12/2026,https://jobs.northropgrumman.com/careers/job/1340071688186,,,"Desire, i.e. passion, to build and manufacture support hardware.

Technical experience in engineering, design, and fabrication of special tooling and related equipment

Excellent verbal and written communication skills.

Strong organizational skills in managing time, projects and resources.

Leadership ability.

Technical attention to detail.

Primary Level Salary Range: $79,300.00 - $118,900.00

Secondary Level Salary Range: $98,400.00 - $147,600.00

The above salary range represents a general guideline; however, Northrop Grumman considers a number of factors when determining base salary offers such as the scope and responsibilities of the position and the candidate's experience, education, skills and current market conditions.

Depending on the position, employees may be eligible for overtime, shift differential, and a discretionary bonus in addition to base pay. Annual bonuses are designed to reward individual contributions as well as allow employees to share in company results. Employees in Vice President or Director positions may be eligible for Long Term Incentives. In addition, Northrop Grumman provides a variety of benefits including health insurance coverage, life and disability insurance, savings plan, Company paid holidays and paid time off (PTO) for vacation and/or personal business."
R10232329,Engineer Quality,Mission/Quality Assurance,"Sunnyvale, CA, US",onsite,5/12/2026,https://jobs.northropgrumman.com/careers/job/1340071648022,,,"Experience with ISO 9001 or AS9100 Quality Management Systems

Experience with advanced application of Data Analytics and Statistical Analysis methods.

Mechanical Engineering experience, including inspection methodology and authoring work instructions in a manufacturing environment

Green/Black Belt Certification in Lean Six Sigma

SAP experience in a manufacturing environment

Certified auditor

Active Secret Clearance.

Primary Level Salary Range: $83,400.00 - $125,200.00

The above salary range represents a general guideline; however, Northrop Grumman considers a number of factors when determining base salary offers such as the scope and responsibilities of the position and the candidate's experience, education, skills and current market conditions.

Depending on the position, employees may be eligible for overtime, shift differential, and a discretionary bonus in addition to base pay. Annual bonuses are designed to reward individual contributions as well as allow employees to share in company results. Employees in Vice President or Director positions may be eligible for Long Term Incentives. In addition, Northrop Grumman provides a variety of benefits including health insurance coverage, life and disability insurance, savings plan, Company paid holidays and paid time off (PTO) for vacation and/or personal business."
R10232179,Milling Machine Machinist 1/2,Manufacturing and Production,"Melbourne, FL, US",onsite,5/12/2026,https://jobs.northropgrumman.com/careers/job/1340071648232,,,
R10232538,Engineer Embedded Software,Software,"Rolling Meadows, IL, US",onsite,5/12/2026,https://jobs.northropgrumman.com/careers/job/1340071685051,,,
R10232609,HR Business Partner - Palmdale CA,Human Resources Mult-Func,"Palmdale, CA, US",onsite,5/12/2026,https://jobs.northropgrumman.com/careers/job/1340071694623,,"Bachelor’s degree AND 2 years of Human Resources experienceDemonstrated proficiency in Microsoft Excel and PowerPointAbility to obtain and maintain a DoD Secret clearance and Special Program Access within a reasonable period, as determined by the company to meet business needsMust be willing and able to travel up to 15% of the time","Strong technical competence across one or more HR disciplines:Leadership DevelopmentTalent ManagementEmployee RelationsDemonstrated experience in prioritizing the workday, balancing multiple projects, and working across multiple deadlinesProficiency in WorkdayPrevious HR experience in Aerospace & DefenseCurrent/active DoD clearance

Primary Level Salary Range: $75,800.00 - $113,800.00

The above salary range represents a general guideline; however, Northrop Grumman considers a number of factors when determining base salary offers such as the scope and responsibilities of the position and the candidate's experience, education, skills and current market conditions.

Depending on the position, employees may be eligible for overtime, shift differential, and a discretionary bonus in addition to base pay. Annual bonuses are designed to reward individual contributions as well as allow employees to share in company results. Employees in Vice President or Director positions may be eligible for Long Term Incentives. In addition, Northrop Grumman provides a variety of benefits including health insurance coverage, life and disability insurance, savings plan, Company paid holidays and paid time off (PTO) for vacation and/or personal business."
R10232401,Associate Engineer Quality / Engineer Quality,Mission/Quality Assurance,"Palmdale, CA, US",onsite,5/11/2026,https://jobs.northropgrumman.com/careers/job/1340071656629,,,"Have an overall cumulative GPA of 3.25/4.0 or higherPrevious internship/co-op or other work experience, leadership & teamwork capabilities, interpersonal communication skills, and activities (professional/community/extracurricular).

Primary Level Salary Range: $67,400.00 - $101,000.00

Secondary Level Salary Range: $81,300.00 - $121,900.00

The above salary range represents a general guideline; however, Northrop Grumman considers a number of factors when determining base salary offers such as the scope and responsibilities of the position and the candidate's experience, education, skills and current market conditions.

Depending on the position, employees may be eligible for overtime, shift differential, and a discretionary bonus in addition to base pay. Annual bonuses are designed to reward individual contributions as well as allow employees to share in company results. Employees in Vice President or Director positions may be eligible for Long Term Incentives. In addition, Northrop Grumman provides a variety of benefits including health insurance coverage, life and disability insurance, savings plan, Company paid holidays and paid time off (PTO) for vacation and/or personal business."
R10231589,Engineer Process,Material/Process,"Rolling Meadows, IL, US",onsite,5/11/2026,https://jobs.northropgrumman.com/careers/job/1340071579129,,,"Experience with Nx / CADExperience in manufacturing environmentExperience supporting design/development projectsExperience presenting to key stakeholdersExperience with sensors (UV and Infrared technology)

What We Can Offer You:

Northrop Grumman provides a comprehensive benefits package and a work environment that encourages your growth and supports the mutual success of our people and our company. Northrop Grumman benefits give you the flexibility and control to choose the benefits that make the most sense for you and your family.

Your benefits will include the following: Health Plan, Savings Plan, Paid Time Off, and Additional Benefits, including Education Assistance, Training and Development, 9/80 Work Schedule (where available), and much more!

#MPR

Primary Level Salary Range: $79,600.00 - $119,400.00

The above salary range represents a general guideline; however, Northrop Grumman considers a number of factors when determining base salary offers such as the scope and responsibilities of the position and the candidate's experience, education, skills and current market conditions.

Depending on the position, employees may be eligible for overtime, shift differential, and a discretionary bonus in addition to base pay. Annual bonuses are designed to reward individual contributions as well as allow employees to share in company results. Employees in Vice President or Director positions may be eligible for Long Term Incentives. In addition, Northrop Grumman provides a variety of benefits including health insurance coverage, life and disability insurance, savings plan, Company paid holidays and paid time off (PTO) for vacation and/or personal business."
R10232449,Assembler 1,Manufacturing and Production,"San Diego, CA, US",onsite,5/11/2026,https://jobs.northropgrumman.com/careers/job/1340071659447,,"High School diploma

Must be able to obtain and maintain Security Clearance upon hire

US Citizenship required","J-Standard certification and Conformal Coat or similar experience

2 or more years experience in manufacturing

What We Can Offer You –
Northrop Grumman provides a comprehensive benefits package and a work environment which encourages your growth and supports the mutual success of our people and our company. Northrop Grumman benefits give you the 
flexibility and control to choose the benefits that make the most sense for you and your family. 

Your benefits will include the following: Health Plan, Savings Plan, Paid Time Off and Additional Benefits including Education Assistance, Training and Development, 9/80 Work Schedule (where available), and much more!

Primary Level Salary Range: $36,500.00 - $60,800.00

The above salary range represents a general guideline; however, Northrop Grumman considers a number of factors when determining base salary offers such as the scope and responsibilities of the position and the candidate's experience, education, skills and current market conditions.

Depending on the position, employees may be eligible for overtime, shift differential, and a discretionary bonus in addition to base pay. Annual bonuses are designed to reward individual contributions as well as allow employees to share in company results. Employees in Vice President or Director positions may be eligible for Long Term Incentives. In addition, Northrop Grumman provides a variety of benefits including health insurance coverage, life and disability insurance, savings plan, Company paid holidays and paid time off (PTO) for vacation and/or personal business."
R10232479,U001 Packer Shipping Clerk,NGC - Non - NGJF Union,"Elk River, MN, US",onsite,5/11/2026,https://jobs.northropgrumman.com/careers/job/1340071683049,,,
R10232510,Specification technical writer (Level 2 or 3),Tech Support Mult-Func,"Elk River, MN, US",onsite,5/11/2026,https://jobs.northropgrumman.com/careers/job/1340071684368,,,
R10225315,Calibration Technician 2,Mission and Quality Assurance,"Los Angeles, CA, US",onsite,5/11/2026,https://jobs.northropgrumman.com/careers/job/1340070775389,,,"Experience in a Metrology equipment calibration lab environment or equivalent

Experience with usage of various Measuring and Test Equipment Calibration Standards.

Military experience calibrating equipment.

Operation experience with vacuum, pressure, thermo-dynamic and optical measuring equipment is desired.

Experience with military and aerospace industry concepts, practices, procedures and regulatory requirements.

PMEL experience.

Active Secret Clearance.

#MPR

Primary Level Salary Range: $56,000.00 - $93,400.00

The above salary range represents a general guideline; however, Northrop Grumman considers a number of factors when determining base salary offers such as the scope and responsibilities of the position and the candidate's experience, education, skills and current market conditions.

Depending on the position, employees may be eligible for overtime, shift differential, and a discretionary bonus in addition to base pay. Annual bonuses are designed to reward individual contributions as well as allow employees to share in company results. Employees in Vice President or Director positions may be eligible for Long Term Incentives. In addition, Northrop Grumman provides a variety of benefits including health insurance coverage, life and disability insurance, savings plan, Company paid holidays and paid time off (PTO) for vacation and/or personal business."
R10232366,Supply Chain Procurement Specialist,Global Supply Chain Mult-Func,"Mesa, AZ, US",hybrid,5/11/2026,https://jobs.northropgrumman.com/careers/job/1340071648916,,"This position emphasizes skills first.

Must have 6 years of direct experience in Supply Chain, Procurement, or relevant fieldWill consider Bachelor degree in Supply Chain, Business, or related field of study plus 2 years of experience, or master’s degree.","FAR/DFAR ExperienceHigh value subcontract management experienceCostpoint knowledge a plus

Primary Level Salary Range: $59,600.00 - $89,400.00

The above salary range represents a general guideline; however, Northrop Grumman considers a number of factors when determining base salary offers such as the scope and responsibilities of the position and the candidate's experience, education, skills and current market conditions.

Depending on the position, employees may be eligible for overtime, shift differential, and a discretionary bonus in addition to base pay. Annual bonuses are designed to reward individual contributions as well as allow employees to share in company results. Employees in Vice President or Director positions may be eligible for Long Term Incentives. In addition, Northrop Grumman provides a variety of benefits including health insurance coverage, life and disability insurance, savings plan, Company paid holidays and paid time off (PTO) for vacation and/or personal business."
R10224643,Engineer Propulsion - level 2,Mechanical,"Palm Beach Gardens, FL, US",onsite,5/11/2026,https://jobs.northropgrumman.com/careers/job/1340070436733,"Under the direction of manager/senior analysts, conduct performance analyses in support of ramjet/scramjet propulsion system design and verification activities.Develop mathematical models to match the physics of the system under evaluation including proper analysis methods/tools, proper boundary conditions, and appropriate material propertiesParticipate in training to develop technical expertise in air breathing propulsion analysis and design.Work within peer review environment to build experience in group technical reviewsProvide technical assessments of test hardware and test data including validation of analysis.Provide on-site coverage at test facilities during engine testing as required to support rapid turnaround between tests.Analyze test data to assess performance, operability, and health of engine systems and test hardware.Support propulsion and subsystem team leads to ensure technical and cost execution of each system component.Prepare and present technical reports and presentations of work products to both internal and external customers.","Bachelor’s Degree in STEM plus two years of related experience or Master’s Degree in STEM. Mechanical or Aerospace degrees strongly preferred.Knowledge of system modeling tools such as MATLAB/Simulink, or equivalents.Demonstrated ability to prepare and present analytical results in both oral and written formats.Excellent interpersonal, communication, writing, presentation, and critical thinking skills.Working knowledge of Microsoft Office suite (Excel, Word, Power Point).Position will occasionally require travel to meet with various customers, in both government and industry, and to interface with suppliers.Ability to obtain a Secret Clearance which requires US Citizenship as a pre-requisite","Current Active Security ClearancePrior experience or coursework in air breathing propulsion design and analysisExperience using Matlab, NX solid modeling software or similar software.

Primary Level Salary Range: $83,400.00 - $125,200.00

The above salary range represents a general guideline; however, Northrop Grumman considers a number of factors when determining base salary offers such as the scope and responsibilities of the position and the candidate's experience, education, skills and current market conditions.

Depending on the position, employees may be eligible for overtime, shift differential, and a discretionary bonus in addition to base pay. Annual bonuses are designed to reward individual contributions as well as allow employees to share in company results. Employees in Vice President or Director positions may be eligible for Long Term Incentives. In addition, Northrop Grumman provides a variety of benefits including health insurance coverage, life and disability insurance, savings plan, Company paid holidays and paid time off (PTO) for vacation and/or personal business."
R10232458,Process Engineer Level 2,Material/Process,"Corinne, UT, US",onsite,5/10/2026,https://jobs.northropgrumman.com/careers/job/1340071677209,,"B.S. degree in STEM- Mechanical, Chemical, or Aerospace Engineering or related engineering degree with 2 years’ experience with Bachelor's degree or Master's degree with 0 years of experience.

 Experience writing shop planning (preferred)

•    Experience with 3D modeling software
•    Experience working with composite materials (preferred) 
•    Strong inter-personal and Customer Service Skills

•    CAD skills preferred
•    Statistical Process Controls (SPC)","Experience with NX and modeling

Strong inter-personal and Customer Service Skills

Experience with rigging, bridge and mobile cranes

Primary Level Salary Range: $79,300.00 - $118,900.00

The above salary range represents a general guideline; however, Northrop Grumman considers a number of factors when determining base salary offers such as the scope and responsibilities of the position and the candidate's experience, education, skills and current market conditions.

Depending on the position, employees may be eligible for overtime, shift differential, and a discretionary bonus in addition to base pay. Annual bonuses are designed to reward individual contributions as well as allow employees to share in company results. Employees in Vice President or Director positions may be eligible for Long Term Incentives. In addition, Northrop Grumman provides a variety of benefits including health insurance coverage, life and disability insurance, savings plan, Company paid holidays and paid time off (PTO) for vacation and/or personal business."
R10232389,Electrical Maintenance Technician,NGC - Non - NGJF S01,"Annapolis, MD, US",onsite,5/8/2026,https://jobs.northropgrumman.com/careers/job/1340071654830,,,
R10232403,Associate Quality Analyst / Quality Analyst,Mission and Quality Assurance,"Palmdale, CA, US",onsite,5/8/2026,https://jobs.northropgrumman.com/careers/job/1340071656716,,,"Have an overall cumulative GPA of 3.25/4.0 or higher 

Previous internship/co-op or other work experience, leadership & teamwork capabilities, interpersonal communication skills, and activities (professional/community/extracurricular). 

Experience presenting and interacting with customers such as DCMA/Military customers/foreign nationals 

Experience with MES,SAP, PROP and CPATS system 

Familiarity with Root Cause Corrective Actions (RCCA) 

Familiarity with First Article Inspection (FAI) 

Primary Level Salary Range: $67,400.00 - $101,000.00

Secondary Level Salary Range: $81,300.00 - $121,900.00

The above salary range represents a general guideline; however, Northrop Grumman considers a number of factors when determining base salary offers such as the scope and responsibilities of the position and the candidate's experience, education, skills and current market conditions.

Depending on the position, employees may be eligible for overtime, shift differential, and a discretionary bonus in addition to base pay. Annual bonuses are designed to reward individual contributions as well as allow employees to share in company results. Employees in Vice President or Director positions may be eligible for Long Term Incentives. In addition, Northrop Grumman provides a variety of benefits including health insurance coverage, life and disability insurance, savings plan, Company paid holidays and paid time off (PTO) for vacation and/or personal business."
R10232333,E6B IMMC SCA Aircraft Mechanic 1 (Fuels),NGC - Non - NGJF Service Contract Act,"Lake Charles, LA, US",onsite,5/8/2026,https://jobs.northropgrumman.com/careers/job/1340071648248,,,
R10231174,2026 Associate Program Cost and Schedule Control Analyst - Rocket Center WV,Business Management Mult-Func,"Rocket Center, WV, US",onsite,5/8/2026,https://jobs.northropgrumman.com/careers/job/1340071546097,"Sets up cost control system, monitors and controls costs and schedules on contracts requiring validated cost schedule control system. Performs analyses and prepares reports in order to ensure that contracts are within negotiated and agreed-upon parameters and government cost control guidelines. Prepares budgets and schedules for contract work and performs and/or assists in financial analyses such as funding profiles, sales outlook, and variance analysis. Prepares program plans to ensure program requirements and statement of work are captured and scheduled. Performs schedule risk assessments to identify and mitigate program cost and scheduling risks. Ensures adequate funding availability by maintaining accurate records of expenditures, directing preparation of expenditure projections, and submitting timely requests for additional funding to the government. Incorporates contractual changes into control systems by staying aware of outstanding work against each contract in order to maintain realistic contract cost and schedule baselines.","A candidate must meet ALL of the below criteria. The candidate must:

Be completing or has completed their degree (Bachelor’s, Master’s, or PhD) from an accredited institution

Be majoring in or having majored in Finance, Accounting or related fields

Be able to obtain a U.S. Government security clearance (U.S. citizenship is a pre-requisite)

Proficiency in Microsoft Office Suite (Word, Excel, PowerPoint)","Have an overall cumulative GPA of 3.0/4.0 or higher

Proficient in Excel is preferred

Experience with data analytics"
R10232292,Calibration Tech 3,Mission and Quality Assurance,"Salt Lake City, UT, US",onsite,5/7/2026,https://jobs.northropgrumman.com/careers/job/1340071647229,,,"Experience in a Metrology equipment calibration lab environment or equivalent.

Military experience calibrating electronic or avionic equipment.

Active Secret Clearance.

#MPR

Primary Level Salary Range: $57,500.00 - $95,900.00

The above salary range represents a general guideline; however, Northrop Grumman considers a number of factors when determining base salary offers such as the scope and responsibilities of the position and the candidate's experience, education, skills and current market conditions.

Depending on the position, employees may be eligible for overtime, shift differential, and a discretionary bonus in addition to base pay. Annual bonuses are designed to reward individual contributions as well as allow employees to share in company results. Employees in Vice President or Director positions may be eligible for Long Term Incentives. In addition, Northrop Grumman provides a variety of benefits including health insurance coverage, life and disability insurance, savings plan, Company paid holidays and paid time off (PTO) for vacation and/or personal business."
R10232071,Contracts Administrator (Level 2),Contracts,"San Diego, CA, US",hybrid,5/7/2026,https://jobs.northropgrumman.com/careers/job/1340071632933,"Administers, extends, negotiates and terminates standard and nonstandard contracts.

Conducts proposal preparation, contract negotiation, contract administration, and customer contact activities to provide for proper contract acquisition and fulfillment in accordance with company policies, legal requirements, and customer specifications.

Examines estimates of material, equipment services, production costs, performance requirements, and delivery schedules to ensure accuracy and completeness.

Processes specifications, progress, and other reports.

Advises management of contractual rights and obligations.

Compiles and analyzes data.

Maintains historical information.

Basic Qualifications for a Level 2 Contract Administrator:

Bachelor's degree with 2 years of experience in contracts management, contract administration, proposals, business management, or other related experience or a Master's degree

Strong problem-solving skills and the ability to be flexible and change directions when needed

Must have the ability to obtain and maintain a US Government Secret Clearance.",,"Active US Government Secret Clearance

Aerospace and Defense industry experience

Experience in contract negotiations

Prior knowledge and understanding of FAR and DFARS

Prior experience with a variety of contract types such as Cost type, IDIQ, Firm Fixed Price Incentive Fee, etc.

Prior experience supporting contracts consisting of complex production efforts.

Excellent organizational skills and attention to detail

We offer flexible work arrangements, phenomenal learning opportunities, exposure to a wide variety of projects and customers, and a very friendly team environment. We are looking for self-motivated, proactive, and goal-oriented people to help us grow our services and become even better at what we do.

At Northrop Grumman, we are on the cutting edge of innovation-- building the next generation of sophisticated aircraft to protect our country. Our diverse portfolio of programs means there are endless paths to cultivate your career. We are well-known for our inclusive, family environment, as well as our excellent work/life balance. We also offer exceptional benefits/healthcare, a 9/80 schedule, and a great 401K matching program.

Primary Level Salary Range: $75,800.00 - $113,800.00

The above salary range represents a general guideline; however, Northrop Grumman considers a number of factors when determining base salary offers such as the scope and responsibilities of the position and the candidate's experience, education, skills and current market conditions.

Depending on the position, employees may be eligible for overtime, shift differential, and a discretionary bonus in addition to base pay. Annual bonuses are designed to reward individual contributions as well as allow employees to share in company results. Employees in Vice President or Director positions may be eligible for Long Term Incentives. In addition, Northrop Grumman provides a variety of benefits including health insurance coverage, life and disability insurance, savings plan, Company paid holidays and paid time off (PTO) for vacation and/or personal business."
R10229145,Engineer Facilities / Principal Engineer Facilities,Facilities Mult-Func,"Ronkonkoma, NY, US",onsite,5/7/2026,https://jobs.northropgrumman.com/careers/job/1340071236721,,,
R10231324,Quality Engineer,Mission/Quality Assurance,"Radford, VA, US",onsite,5/7/2026,https://jobs.northropgrumman.com/careers/job/1340071560865,,"A bachelor’s degree in a STEM field with 2 years’ experience OR a master’s degree in a STEM field.Ability to solve complex problems by evaluating information and data.Attention to details and the ability to multi-task.Ability to prioritize and manage time effectively.
What to Expect:

If you are a dynamic and motivated professional, Northrop Grumman is the company that will help further your experience and career growth. We offer highly competitive salaries, an array of benefits to give you the support you need, and the opportunity to connect with coworkers in an environment that is professional, creative and ﬂexible. Join our team and Work On What Matters.

This position falls under a Federal Explosives License issued by the Bureau of Alcohol, Tobacco, Firearms and Explosives (ATF) for this location. Candidates hired into this role will be required to complete and submit an Employee Possessor Questionnaire to ATF for approval to be a possessor.",
R10231158,Engineer Test,Systems/Architecture/Test,"Salt Lake City, UT, US",onsite,5/7/2026,https://jobs.northropgrumman.com/careers/job/1340071548241,,,"RF Testing Experience.

Experience with design and conduct RF test setups, understand SWR, attenuation, frequency translation, and spectrum analysis.

Industrial Automation experience.

Experience with PLCs or industrial test rig controllers.

Custom Automation Frameworks experience.

Experience with LabVIEW (e.g., C++, LabView RT).

Active Secret Clearance.

#MPR

Primary Level Salary Range: $72,100.00 - $108,100.00

The above salary range represents a general guideline; however, Northrop Grumman considers a number of factors when determining base salary offers such as the scope and responsibilities of the position and the candidate's experience, education, skills and current market conditions.

Depending on the position, employees may be eligible for overtime, shift differential, and a discretionary bonus in addition to base pay. Annual bonuses are designed to reward individual contributions as well as allow employees to share in company results. Employees in Vice President or Director positions may be eligible for Long Term Incentives. In addition, Northrop Grumman provides a variety of benefits including health insurance coverage, life and disability insurance, savings plan, Company paid holidays and paid time off (PTO) for vacation and/or personal business."
R10232152,Configuration Data Management Controller 2,Tech Support Mult-Func,"Rocket Center, WV, US",onsite,5/6/2026,https://jobs.northropgrumman.com/careers/job/1340071635139,,Possess a high school diploma or equivalent with 2 years of related experienceAble to work on multiple tasks in a dynamic environmentDetail oriented when reading and correcting documentsPrior data entry experienceThe Controller may support audits of the ERP data and processesMust be a US citizen and able to obtain a DoD Secret Clearance,"Proficiency is Microsoft Office Products (Excel, Word, PowerPoint, etc.)Bachelors degree preferred, BS in STEM field highly preferred

Primary Level Salary Range: $37,400.00 - $62,400.00

The above salary range represents a general guideline; however, Northrop Grumman considers a number of factors when determining base salary offers such as the scope and responsibilities of the position and the candidate's experience, education, skills and current market conditions.

Depending on the position, employees may be eligible for overtime, shift differential, and a discretionary bonus in addition to base pay. Annual bonuses are designed to reward individual contributions as well as allow employees to share in company results. Employees in Vice President or Director positions may be eligible for Long Term Incentives. In addition, Northrop Grumman provides a variety of benefits including health insurance coverage, life and disability insurance, savings plan, Company paid holidays and paid time off (PTO) for vacation and/or personal business."
R10231933,SCA Electronics Maintenance tech II,NGC - Non - NGJF Service Contract Act,"Warner Robins, GA, US",onsite,5/6/2026,https://jobs.northropgrumman.com/careers/job/1340071619076,"Perform both visual and mechanical inspections on all products such as electronic units and subsystems, precision electro-mechanical assemblies or mechanical units, and sub-assemblies.

In-process, final and test operations on all Repair and Production items to ensure conformance to all drawing requirements; NGC QMS (Quality Management System) requirements in support of Repair/Manufacturing activities Contracts, purchase orders and/or internal work instructions.

Understand and utilize predetermined inspection methods (blueprints, diagrams, dial indicators, preset micrometers, scales, fixtures, customer specifications, drawing or inspection instructions and checklists).

Perform both visual and mechanical inspections and verifications on all purchased parts, components, systems for all incoming/receiving efforts.

Witness test verifications and sell-off of assets through the verification of standards, use of test/monitoring equipment, test data sheets, drawing requirements and other approved documentation.

Other duties include, but will not be limited to:

Assist other functional team members with any associated actions.

Inputs of suggested process changes in support of efficiency, and to improve productivity, etc.  

Monitor compliance to requirements, such as safety glasses; use of protective gloves; ear protection.

Maintains records of results of all inspections, logs, writes reports and other related activities utilizing approved documentation collection methods.

Work is performed within the confines of standardized company and industry policies, practices, and procedures. This job has decision-making responsibilities regarding the acceptance or rejection of work and tests performed of which records of results are maintained.  The position has the authority to halt work temporarily that would affect the production operations team.","High school diploma or equivalent (GED) and at least 2 years of additional education and/or related experience.

Knowledge of IPC standards or similar industry standard requirements.

Soldering, repair and/or assembly experience.

Experience working in a dynamic and high-paced environment.

Ability to record detailed information accurately and in a timely manner.

Experience with common quality systems such as nonconformances, cause/corrective actions.

This position requires strong analytical skills and a high level of attention to detail.

Basic knowledge of Microsoft Office Tools.

Must have the ability to obtain an U.S. Government DoD security clearance.","IPC-J-STD -001 Soldering certification

IPC-A-610 Acceptability of Electronic Assemblies Certification

Experience with SAP

Primary Level Salary Range: $30.92 - $30.92

The above salary range represents a general guideline; however, Northrop Grumman considers a number of factors when determining base salary offers such as the scope and responsibilities of the position and the candidate's experience, education, skills and current market conditions.

Depending on the position, employees may be eligible for overtime, shift differential, and a discretionary bonus in addition to base pay. Annual bonuses are designed to reward individual contributions as well as allow employees to share in company results. Employees in Vice President or Director positions may be eligible for Long Term Incentives. In addition, Northrop Grumman provides a variety of benefits including health insurance coverage, life and disability insurance, savings plan, Company paid holidays and paid time off (PTO) for vacation and/or personal business."
R10232153,Administrative Assistant 2,General Administrative,"Ocean Springs, MS, US",onsite,5/6/2026,https://jobs.northropgrumman.com/careers/job/1340071635163,,"High school diploma or GED and 2 years of experience working in a customer service or administrative support role

High proficiency with Microsoft Office Suite, primarily Outlook, Teams, PowerPoint, Excel, Word, SharePoint, having the ability to create and manipulate professional deliverables

Experience using digital collaboration tools (Zoom, Teams, etc.); ability to troubleshoot and solve minor issues in real time

Clear verbal and written communication style (correct spelling, grammar, etc.)

Ability to multi-task with competing priorities in a positive manner

Ability to lift ~25 lbs. daily","Experience coordinating high-visibility meetings, and other events/activities

Familiarity with Northrop Grumman-specific systems (Concur, CaterTrax, DSEA, iTRIP, Facilities Maintenance Requests, SmartBuy, etc.)

Knowledge of NGC resources, policies, and procedures

Ability to obtain Security Clearance

Bachelors/Associates Degree, in Communication, Business, Industrial Engineering, or similar.

Primary Level Salary Range: $40,700.00 - $67,900.00

The above salary range represents a general guideline; however, Northrop Grumman considers a number of factors when determining base salary offers such as the scope and responsibilities of the position and the candidate's experience, education, skills and current market conditions.

Depending on the position, employees may be eligible for overtime, shift differential, and a discretionary bonus in addition to base pay. Annual bonuses are designed to reward individual contributions as well as allow employees to share in company results. Employees in Vice President or Director positions may be eligible for Long Term Incentives. In addition, Northrop Grumman provides a variety of benefits including health insurance coverage, life and disability insurance, savings plan, Company paid holidays and paid time off (PTO) for vacation and/or personal business."
R10230951,Engineer Tooling,Material/Process,"Rocket Center, WV, US",onsite,5/6/2026,https://jobs.northropgrumman.com/careers/job/1340071522782,,"Level 2: Bachelor’s STEM Degree with 2 years of experience OR a Master's STEM Degree with 0 years of experience medium to large scale tooling fabrication and/or production fabrication including composites, metallic, coatings application, and/or production manufacturing operations

This position requires the ability to obtain and maintain a DOD Secret Clearance","Experience with Microsoft Office Suite (Word, PowerPoint, Excel)

Direct Aerospace Tooling experience

Direct Experience with NX or some CAD

Primary Level Salary Range: $72,100.00 - $108,100.00

The above salary range represents a general guideline; however, Northrop Grumman considers a number of factors when determining base salary offers such as the scope and responsibilities of the position and the candidate's experience, education, skills and current market conditions.

Depending on the position, employees may be eligible for overtime, shift differential, and a discretionary bonus in addition to base pay. Annual bonuses are designed to reward individual contributions as well as allow employees to share in company results. Employees in Vice President or Director positions may be eligible for Long Term Incentives. In addition, Northrop Grumman provides a variety of benefits including health insurance coverage, life and disability insurance, savings plan, Company paid holidays and paid time off (PTO) for vacation and/or personal business."
R10231133,Administrative Functional Support 2,General Administrative,"Huntsville, AL, US",onsite,5/5/2026,https://jobs.northropgrumman.com/careers/job/1340071569524,,"High school diploma and a minimum of 4 years additional education and/or experience in the administrative professional field.

Ability to use excel and knowledge of other Microsoft applications including Word, PowerPoint, Project and Outlook.

Working knowledge of Archibus employee tracking database.

Problem Solving/Analysis

Experience in facilities and property administration.

Excellent Customer service skills including critical thinking.

Strong attention to detail.

Ability to manage time and multiple tasks as appropriate throughout the day.

Must be able to obtain a DOD secret level clearance.

Ability to work on site in Huntsville, AL.

Assist in compiling weekly and monthly status reports.","Experience with purchasing requisitions and purchase orders

Working knowledge of Workday

Working Knowledge of NG Campus

Experience working with Maintenance Connection/Maximo

Ability to generate badges for Contractors.

Primary Level Salary Range: $45,100.00 - $75,100.00

The above salary range represents a general guideline; however, Northrop Grumman considers a number of factors when determining base salary offers such as the scope and responsibilities of the position and the candidate's experience, education, skills and current market conditions.

Depending on the position, employees may be eligible for overtime, shift differential, and a discretionary bonus in addition to base pay. Annual bonuses are designed to reward individual contributions as well as allow employees to share in company results. Employees in Vice President or Director positions may be eligible for Long Term Incentives. In addition, Northrop Grumman provides a variety of benefits including health insurance coverage, life and disability insurance, savings plan, Company paid holidays and paid time off (PTO) for vacation and/or personal business."
R10231936,Manufacturing Technician - Level 2,Manufacturing and Production,"MA,US",onsite,5/5/2026,https://jobs.northropgrumman.com/careers/job/1340071618661,,"High School diploma or equivalent and 2 years additional education and/or related experience.   

No clearance required to start

Strong attention to detail

Demonstrated mechanical ability

Proficient use of basic shop arithmetic 

Able to read, write and work written instructions, blueprints, or shop drawings 

Excels in a team environment 

Initiative, self-starter, adaptable, and high motivation for excellence 

Ability to work under limited supervision","Standard computer literacy skills in Microsoft Office: Word and Excel 

Experience working in a ceramic manufacturing environment (space/satellite structures, aerospace manufacturing environment) 

Experience or familiarity with ISO requirements, standards, and compliance issues. 

Curious about all the exciting developments with the Northrop Grumman Space Sector? Click the link below:

https://www.northropgrumman.com/space

Primary Level Salary Range: $51,400.00 - $85,600.00

The above salary range represents a general guideline; however, Northrop Grumman considers a number of factors when determining base salary offers such as the scope and responsibilities of the position and the candidate's experience, education, skills and current market conditions.

Depending on the position, employees may be eligible for overtime, shift differential, and a discretionary bonus in addition to base pay. Annual bonuses are designed to reward individual contributions as well as allow employees to share in company results. Employees in Vice President or Director positions may be eligible for Long Term Incentives. In addition, Northrop Grumman provides a variety of benefits including health insurance coverage, life and disability insurance, savings plan, Company paid holidays and paid time off (PTO) for vacation and/or personal business."
R10231929,Component Inspector(Union),NGC - Non - NGJF Union,"Rocket Center, WV, US",onsite,5/5/2026,https://jobs.northropgrumman.com/careers/job/1340071618456,,"High school Diploma/GEDAbility to work all 3 shifts as determined by union seniority.Must be able to pass a background check and drug test.2 years minimum experience within the inspection field is preferred.Must be proficient in use of standard measuring instruments such as micrometers, vernier calipers, dial indicators, and gage blocks.Must be knowledgably in ANSI/ASME Y14.5Technical Knowledge, must have some knowledge of mechanical gage inspection techniques, drawing and specification interpretations, appropriate MIL-specs and regulatory requirements, computer and software applications, geometric Dimensioning and Tolerancing, and statistical sampling techniques",
R10231848,Engineer Supplier Quality,Mission/Quality Assurance,"Buffalo, NY, US",onsite,5/5/2026,https://jobs.northropgrumman.com/careers/job/1340071611053,,,"Experience facilitating Root Cause Corrective Action (RCCA) and Failure Modes and Effects Analysis (FMEA) activities.

Defense industry experience, including interfacing with suppliers.

Experience in a quality, supplier quality role.

SAP Business System experience.

Experience with ISO 9001 / AS9100 Quality Management System certification process.

Primary Level Salary Range: $75,800.00 - $113,500.00

The above salary range represents a general guideline; however, Northrop Grumman considers a number of factors when determining base salary offers such as the scope and responsibilities of the position and the candidate's experience, education, skills and current market conditions.

Depending on the position, employees may be eligible for overtime, shift differential, and a discretionary bonus in addition to base pay. Annual bonuses are designed to reward individual contributions as well as allow employees to share in company results. Employees in Vice President or Director positions may be eligible for Long Term Incentives. In addition, Northrop Grumman provides a variety of benefits including health insurance coverage, life and disability insurance, savings plan, Company paid holidays and paid time off (PTO) for vacation and/or personal business."
R10231884,Supply Chain Operations Coordinator 2 or 3,Global Supply Chain Mult-Func,"Palmdale, CA, US",onsite,5/5/2026,https://jobs.northropgrumman.com/careers/job/1340071612571,"Coordinate with Manufacturing to assist in prioritizing WIP to ensure contractual schedule dates are met.Utilize knowledge of production requirements to coordinate with other shop support teams (Manufacturing Engineering, Quality, MRB, Industrial Engineering, Shipping, Distribution, etc.) to initiate actions to remove any constraints to production.Perform necessary SAP and MES system transactions to release work orders for Manufacturing, receive parts into inventory, close out manufacturing work orders, and issue parts up to next higher assemblies.Able to identify, investigate, and resolve inventory discrepancies as they are brought to the attention of the team.Assists in determining possible and actual shortages may initiate action to correct these deficiencies.Able to obtain ECDs from Manufacturing based on the criticality of the parts.Estimates and logs production rate and time expenditures and may be required to establish sequence and lead time of each operation to meet shipping dates.Ability to obtain and maintain Power Industrial Trucks (i.e.. Forklift, Reach lift, Electric Cart, etc..)  Identify, locate, and transfer of large tooling to support Manufacturing Loading and unloading of large tooling from Autoclave/stage for Manufacturing This position may be filled as a Level 2 or Level 3 based on the qualifications outlined below.

Basic Qualifications (Level 2):

High School diploma or equivalent and 2 years additional education and/or related experienceAbility to work in MS 365, Excel, Word, Power PointMust have the ability to lift up to 30 lbs.Valid driver’s license or ability to obtain one.Ability to obtain and maintain equipment licensing including but not limited to electric carts, forklift, reachlift.Ability to obtain and maintain U.S Government Secret Clearance and a Program Special Access within a reasonable period of time, as determined by the company to meet its business needs (after starting).Basic Qualifications (Level 3):

High School diploma or equivalent and 4 years additional education and/or related experienceAbility to work in MS 365, Excel, Word, Power PointMust have the ability to lift up to 30 lbs.Valid driver’s license or ability to obtain one.Ability to obtain and maintain equipment licensing including but not limited to electric carts, forklift, reach lift.Ability to obtain and maintain U.S Government Secret Clearance and a Program Special Access within a reasonable period of time, as determined by the company to meet its business needs (after starting).Preferred Qualifications:

Experience working in SAPExperience working in a manufacturing settingExperience moving large items on ForkliftExperience working in a warehouse environmentActive DOD Secret level clearance.Excellent communication skills dealing with customers and suppliers

Primary Level Salary Range: $20.86 - $34.76

Secondary Level Salary Range: $24.71 - $41.15

The above salary range represents a general guideline; however, Northrop Grumman considers a number of factors when determining base salary offers such as the scope and responsibilities of the position and the candidate's experience, education, skills and current market conditions.

Depending on the position, employees may be eligible for overtime, shift differential, and a discretionary bonus in addition to base pay. Annual bonuses are designed to reward individual contributions as well as allow employees to share in company results. Employees in Vice President or Director positions may be eligible for Long Term Incentives. In addition, Northrop Grumman provides a variety of benefits including health insurance coverage, life and disability insurance, savings plan, Company paid holidays and paid time off (PTO) for vacation and/or personal business.",,
R10231924,Quality Control Technician 2(3rd Shift),Mission and Quality Assurance,"Rocket Center, WV, US",onsite,5/5/2026,https://jobs.northropgrumman.com/careers/job/1340071618237,"Performs analyses and tests of raw materials, packaging materials, and/or finished products from manufacturing, to ensure quality standards and compliance to customer and regulatory requirements, and tolerance specifications for the chemical or physical property.

Performs a variety of qualitative tests or qualitative assays on samples, and to aid in maintenance and certification of test instruments and apparatus to ensure compliance.

Prepares and monitors quality statistics and reports. Reviews production records for conformance to procedures.

Conducts non-conformance tests of manufactured, packaged, or a tested product.","A High School Diploma/GED with 2 years of relevant work experience within the field.

The ability to work any shift if needed.

The ability to pass a drug test and background check

The ability to obtain a security clearance if necessary

Primary Level Salary Range: $44,400.00 - $74,000.00

The above salary range represents a general guideline; however, Northrop Grumman considers a number of factors when determining base salary offers such as the scope and responsibilities of the position and the candidate's experience, education, skills and current market conditions.

Depending on the position, employees may be eligible for overtime, shift differential, and a discretionary bonus in addition to base pay. Annual bonuses are designed to reward individual contributions as well as allow employees to share in company results. Employees in Vice President or Director positions may be eligible for Long Term Incentives. In addition, Northrop Grumman provides a variety of benefits including health insurance coverage, life and disability insurance, savings plan, Company paid holidays and paid time off (PTO) for vacation and/or personal business.",
R10231854,Inspector 2 / 3,Mission and Quality Assurance,"Ridgecrest, CA, US",onsite,5/5/2026,https://jobs.northropgrumman.com/careers/job/1340071611716,"Inspection of materials from internal or external sources and services; involving physical inspection, documenting dimensional compliance and review of supplier certifications for compliance. Includes inspection of internally manufactured parts and final assemblies throughout all stages of production and review of final test data.Responsible for inspection of product in accordance with drawings, work instructions, quality acceptance procedures and maintenance of acceptance documentation/records.Generate and review First Article Inspection Reports in accordance with AS9102.Coordinate and assist with Customer and DCMA Source Inspections.Verify calibration of tooling and other equipment is valid and current.Perform a variety of inspection techniques: visual, conventional metrology (height gages, gage pins, thread gages, dial indicators), calipers, micrometers, functional gages, etc.Support project teams on non‑conformance containment, corrective actions, root‑cause investigations, audits, and other continuous‑improvement activities.May require flexibility to work overtime or within other departments as required.Perform in‑process and final product inspection at the Naval Air Weapons Station (NAWS) China Lake.

Basic Qualifications for Inspector Level 2

High school diploma/GED and a minimum of 2 years of related experience.Experience using technical drawings and following manufacturing work instructions and inspection procedures.Experience with soldering and solder workmanship acceptance standards.Experience with quality systems in a manufacturing environment.Ability to stand for extended periods during inspection and lift 35 lb.Basic computer knowledge (e.g., Microsoft Office Suite).Experience coordinating non‑conformance incidents and handling procedures.Ability to obtain and maintain a DoD Secret Clearance (requires U.S. citizenship).

Basic Qualifications for Inspector Level 3

High school diploma/GED and a minimum of 4 years of related experience.Same technical and quality‑system experience as Level 2.Ability to stand for extended periods during inspection and lift 35 lb.Basic computer knowledge (e.g., Microsoft Office Suite).Ability to obtain and maintain a DoD Secret Clearance (requires U.S. citizenship).Experience coordinating non‑conformance incidents and handling procedures.",,"TipQA experience.Proficiency with AS9102.Advanced skills in MS Office Suite.Interim/Full Secret Clearance.Familiarity with Costpoint MRP system.Certifications: J‑STD‑001, IPC‑A‑610, IPC/WHMA‑A‑620.Prior inspection experience in aviation, electronics, or ordnance.Associate degree in a physical‑science or manufacturing‑related field.Experience with ISO 9001 and AS9100 Quality Management Systems.Working knowledge of Geometric Dimensioning and Tolerancing (GD&T) per ASME Y14.5.Experience supporting assembly and test personnel in a manufacturing/production environment.

#LI-BC2

Primary Level Salary Range: $44,600.00 - $74,400.00

Secondary Level Salary Range: $53,000.00 - $88,300.00

The above salary range represents a general guideline; however, Northrop Grumman considers a number of factors when determining base salary offers such as the scope and responsibilities of the position and the candidate's experience, education, skills and current market conditions.

Depending on the position, employees may be eligible for overtime, shift differential, and a discretionary bonus in addition to base pay. Annual bonuses are designed to reward individual contributions as well as allow employees to share in company results. Employees in Vice President or Director positions may be eligible for Long Term Incentives. In addition, Northrop Grumman provides a variety of benefits including health insurance coverage, life and disability insurance, savings plan, Company paid holidays and paid time off (PTO) for vacation and/or personal business."
R10231542,Engineer Electronics,Electrical,"Rolling Meadows, IL, US",onsite,5/4/2026,https://jobs.northropgrumman.com/careers/job/1340071577952,,,"Experience leading projectsExperience presenting to key stakeholdersExperience with Python and/or C#Experience coding scripts/automationExperience with lasers and optics

What We Can Offer You:

Northrop Grumman provides a comprehensive benefits package and a work environment that encourages your growth and supports the mutual success of our people and our company. Northrop Grumman benefits give you the flexibility and control to choose the benefits that make the most sense for you and your family.

Your benefits will include the following: Health Plan, Savings Plan, Paid Time Off, and Additional Benefits, including Education Assistance, Training and Development, 9/80 Work Schedule (where available), and much more!

#MPR

Primary Level Salary Range: $87,600.00 - $131,400.00

The above salary range represents a general guideline; however, Northrop Grumman considers a number of factors when determining base salary offers such as the scope and responsibilities of the position and the candidate's experience, education, skills and current market conditions.

Depending on the position, employees may be eligible for overtime, shift differential, and a discretionary bonus in addition to base pay. Annual bonuses are designed to reward individual contributions as well as allow employees to share in company results. Employees in Vice President or Director positions may be eligible for Long Term Incentives. In addition, Northrop Grumman provides a variety of benefits including health insurance coverage, life and disability insurance, savings plan, Company paid holidays and paid time off (PTO) for vacation and/or personal business."
R10231801,Engineering Technician 2,Tech Support Mult-Func,"Clearfield, UT, US",onsite,5/4/2026,https://jobs.northropgrumman.com/careers/job/1340071609517,,"High school diploma or GED and 2 years of relevant experience OR associate’s degree/certificate in a technical discipline.

Proficient with manual and power tools for daily use.

Previous experience gathering, maintaining and compiling technical data.

Able to read engineering documentation and reports including drawings and schematics.

Capability to understand and follow electronic work instruction documents.

Ability to read, clearly interpret and accurately follow standard work and other written instructions.

Capable of the use of calibrated measuring instruments including calipers, micrometers, and electrical meters.

Ability to obtain and maintain a DoD Secret Security Clearance.","Associates degree in a technical or STEM discipline.

Electronics / Data Acquisition troubleshooting experience.

Working knowledge of Hydraulic systems.

Additional Requirements:

Successful candidate must be able to pass a background check for the Federal Safe Explosives Act (SEA)

Must be able to qualify for an Alcohol Tobacco and Firearm (ATF) “Explosives Possessor” designation

Must be able to qualify for a U.S. Government security clearance

Curious about all the exciting developments with the Northrop Grumman Space Sector? Click the link below:

https://www.northropgrumman.com/space

Working at Northrop Grumman is more than just a paycheck. We offer a comprehensive Total Rewards and benefits package designed to help you thrive at work and in life. For more information on our Total Rewards package, please visit our Total Rewards site.

Northrop Grumman Total Rewards 

Primary Level Salary Range: $48,400.00 - $80,600.00

The above salary range represents a general guideline; however, Northrop Grumman considers a number of factors when determining base salary offers such as the scope and responsibilities of the position and the candidate's experience, education, skills and current market conditions.

Depending on the position, employees may be eligible for overtime, shift differential, and a discretionary bonus in addition to base pay. Annual bonuses are designed to reward individual contributions as well as allow employees to share in company results. Employees in Vice President or Director positions may be eligible for Long Term Incentives. In addition, Northrop Grumman provides a variety of benefits including health insurance coverage, life and disability insurance, savings plan, Company paid holidays and paid time off (PTO) for vacation and/or personal business."
R10225916,Supply Chain Technical Coordinator 2,Global Supply Chain Mult-Func,"Iuka, MS, US",onsite,5/4/2026,https://jobs.northropgrumman.com/careers/job/1340071213272,,,"Experience in operating a forklift and other types of freight moving equipment.Experience with safely loading and unloading trucks.Experience with setting up shipments and/or coordinating with transportation brokers.Experience with classified white-glove shipping requirements.Experience with using an MRP system for storing and issuing inventory.Previous experience with inventory with shelf life and/or out-time controls.Experienced user of MS Office computer programs to accomplish reports, logs, and briefings.Hazmat training and experience is highly desired.

Primary Level Salary Range: $18.56 - $30.96

The above salary range represents a general guideline; however, Northrop Grumman considers a number of factors when determining base salary offers such as the scope and responsibilities of the position and the candidate's experience, education, skills and current market conditions.

Depending on the position, employees may be eligible for overtime, shift differential, and a discretionary bonus in addition to base pay. Annual bonuses are designed to reward individual contributions as well as allow employees to share in company results. Employees in Vice President or Director positions may be eligible for Long Term Incentives. In addition, Northrop Grumman provides a variety of benefits including health insurance coverage, life and disability insurance, savings plan, Company paid holidays and paid time off (PTO) for vacation and/or personal business."
R10229237,Supply Chain Technical Coordinator 2,Global Supply Chain Mult-Func,"Iuka, MS, US",onsite,5/4/2026,https://jobs.northropgrumman.com/careers/job/1340071213362,,,"Experience in operating a forklift and other types of freight moving equipment.

Experience with safely loading and unloading trucks.

Experience with setting up shipments and/or coordinating with transportation brokers.

Experience with classified white-glove shipping requirements.

Experience with using an MRP system for storing and issuing inventory.

Previous experience with inventory with shelf life and/or out-time controls.

Experienced user of MS Office computer programs to accomplish reports, logs, and briefings.

Hazmat training and experience is highly desired.

Primary Level Salary Range: $18.56 - $30.96

The above salary range represents a general guideline; however, Northrop Grumman considers a number of factors when determining base salary offers such as the scope and responsibilities of the position and the candidate's experience, education, skills and current market conditions.

Depending on the position, employees may be eligible for overtime, shift differential, and a discretionary bonus in addition to base pay. Annual bonuses are designed to reward individual contributions as well as allow employees to share in company results. Employees in Vice President or Director positions may be eligible for Long Term Incentives. In addition, Northrop Grumman provides a variety of benefits including health insurance coverage, life and disability insurance, savings plan, Company paid holidays and paid time off (PTO) for vacation and/or personal business."
R10229236,Supply Chain Technical Coordinator 2,Global Supply Chain Mult-Func,"Iuka, MS, US",onsite,5/4/2026,https://jobs.northropgrumman.com/careers/job/1340071213288,,,"Experience in operating a forklift and other types of freight moving equipment.

Experience with safely loading and unloading trucks.

Experience with setting up shipments and/or coordinating with transportation brokers.

Experience with classified white-glove shipping requirements.

Experience with using an MRP system for storing and issuing inventory.

Previous experience with inventory with shelf life and/or out-time controls.

Experienced user of MS Office computer programs to accomplish reports, logs, and briefings.

Hazmat training and experience is highly desired.

Primary Level Salary Range: $18.56 - $30.96

The above salary range represents a general guideline; however, Northrop Grumman considers a number of factors when determining base salary offers such as the scope and responsibilities of the position and the candidate's experience, education, skills and current market conditions.

Depending on the position, employees may be eligible for overtime, shift differential, and a discretionary bonus in addition to base pay. Annual bonuses are designed to reward individual contributions as well as allow employees to share in company results. Employees in Vice President or Director positions may be eligible for Long Term Incentives. In addition, Northrop Grumman provides a variety of benefits including health insurance coverage, life and disability insurance, savings plan, Company paid holidays and paid time off (PTO) for vacation and/or personal business."
R10231901,Engineering Technician – Communications (Level 2 or 3),Tech Support Mult-Func,"Palmdale, CA, US",onsite,5/4/2026,https://jobs.northropgrumman.com/careers/job/1340071613047,,"Electronic Technician 2: High School diploma or equivalent and 2 years additional education and/or related experience.Electronic Technician 3: High School diploma or equivalent and 4 years additional education and/or related experience.Ability to interpret engineering drawings in accordance with ASME and IEEE standards, including rack assembly drawings, interconnect wiring diagrams and custom cable assemblies.Working experience building and installing custom harness assemblies in accordance with industry standards.Working experience with industry standards for connectors including, but not limited to D38999, Dsub, twinax, RJ45, etc.Must be physically able to move up to 50 lbs.Must have color vision to identify cables and wires.Candidate must have strong communication and interpersonal skills with an aptitude to learn new material quickly.Ability to obtain and maintain initial Special Access Program (SAP) access via a Program Access Request (PAR).  This SAP/PAR must be obtained prior to commencement of employment and must be obtained within a reasonable amount of time as determined by the company to meet its business needs.Active U.S. Government Secret Security Clearance (with a background investigation within the past 5 years or enrolled into Continuous Evaluation).Note: SAP/PAR will be upgraded once selected candidate is in role. Therefore, candidate must also be able to obtain and maintain upgraded SAP/PAR.)","Current applicable Special Access Program (SAP) clearance.Active U.S. Government Top Secret Security Clearance with investigation date within the last 5 years, ability to obtain and maintain access to Special Programs (SAP) and a U.S. Government Top Secret Clearance

Primary Level Salary Range: $5,600.00 - $93,400.00

Secondary Level Salary Range: $66,600.00 - $111,000.00

The above salary range represents a general guideline; however, Northrop Grumman considers a number of factors when determining base salary offers such as the scope and responsibilities of the position and the candidate's experience, education, skills and current market conditions.

Depending on the position, employees may be eligible for overtime, shift differential, and a discretionary bonus in addition to base pay. Annual bonuses are designed to reward individual contributions as well as allow employees to share in company results. Employees in Vice President or Director positions may be eligible for Long Term Incentives. In addition, Northrop Grumman provides a variety of benefits including health insurance coverage, life and disability insurance, savings plan, Company paid holidays and paid time off (PTO) for vacation and/or personal business."
R10229234,Supply Chain Planning Specialist,Global Supply Chain Mult-Func,"Iuka, MS, US",onsite,5/1/2026,https://jobs.northropgrumman.com/careers/job/1340071212649,,"Supply Chain Planning Specialist (Level 1):

A bachelor's degree from an accredited university

Ability to obtain and maintain a U.S Government Secret Clearance

Ability to obtain special program access

Planning/Scheduling Experience

Production Control Experience

ERP/MRP experience

Supply Chain Planning Specialist (Level 2):

A bachelor's degree from an accredited university and 2 years of supply chain, material planning, or closely related experience; OR a Master's degree

Ability to obtain and maintain a U.S Government Secret Clearance

Ability to obtain special program access

Planning/Scheduling Experience

Production Control Experience

ERP/MRP experience","An Active U.S Government Secret Clearance

Special Program Access

Material planning experience

Experience working in an Aerospace manufacturing environment

Experience with SAP and MES

Power Bi or Tableau experience

What We Offer :At Northrop Grumman, we are on the cutting edge of innovation-- building the next generation of sophisticated aircraft to protect our country. Our diverse portfolio of programs means there are endless paths to cultivate your career. We are well-known for our inclusive, family environment, phenomenal learning opportunities, and exposure to a wide variety of projects and customers. We also offer exceptional benefits/healthcare, a great 401K matching program.

Primary Level Salary Range: $51,500.00 - $77,300.00

Secondary Level Salary Range: $62,100.00 - $93,100.00

The above salary range represents a general guideline; however, Northrop Grumman considers a number of factors when determining base salary offers such as the scope and responsibilities of the position and the candidate's experience, education, skills and current market conditions.

Depending on the position, employees may be eligible for overtime, shift differential, and a discretionary bonus in addition to base pay. Annual bonuses are designed to reward individual contributions as well as allow employees to share in company results. Employees in Vice President or Director positions may be eligible for Long Term Incentives. In addition, Northrop Grumman provides a variety of benefits including health insurance coverage, life and disability insurance, savings plan, Company paid holidays and paid time off (PTO) for vacation and/or personal business."
R10231464,Material Process Engineer 18026*,Material/Process,"Roy, UT, US",onsite,5/1/2026,https://jobs.northropgrumman.com/careers/job/1340071569710,,"• 2 years of experience with Bachelor of Science degree in a STEM (Science, Technology, Engineering and Math) discipline and 2 years of experience; 0 years with Master’s Degree

• Must be a US Citizen and have the ability to obtain and maintain a DOD Secret Security Clearance.

• Must have the ability to obtain and maintain Special Access Program (SAP) clearance

• Must be proficient in Microsoft Office Tools","These Qualifications Would be Nice to Have:

• Working knowledge of various NASA & Military Performance documents required for the selection and screening of Space, Military, DSSC, Non-Standard, and Commercial-Off-The-Shelf components, including MIL-PRF-38534 (Hybrids), MIL-PRF-38535 (microcircuits), MIL-PRF-19500 (semiconductors), MIL-PRF-123 (capacitors), MIL-PRF-55342 (resistors), MIL-PRF-39016 (relays), MIL-PRF-981(magnetics), IPC-6012 and MIL-PRF-31032 (Printed Circuit Boards)and various electrical interconnect systems.

• Experience with developing Source Control Drawings or Component Specifications for EEEE components

• Experience with developing and conducting qualification of EEEE components 

• Working knowledge of Destructive Physical analysis (M1580), Failure Analysis, physics of failure, Root Cause & Corrective Action, component specifications, component screening & qualification, component application qualification, and related installation/assembly process specifications

• Experience with derating analysis of EEEE components 

• Experience in parts, materials and process selection, manufacturing support, failure analysis, and processing of materials for space hardware

• Active DOD Secret or Top Secret clearance 

Primary Level Salary Range: $72,100.00 - $108,100.00

The above salary range represents a general guideline; however, Northrop Grumman considers a number of factors when determining base salary offers such as the scope and responsibilities of the position and the candidate's experience, education, skills and current market conditions.

Depending on the position, employees may be eligible for overtime, shift differential, and a discretionary bonus in addition to base pay. Annual bonuses are designed to reward individual contributions as well as allow employees to share in company results. Employees in Vice President or Director positions may be eligible for Long Term Incentives. In addition, Northrop Grumman provides a variety of benefits including health insurance coverage, life and disability insurance, savings plan, Company paid holidays and paid time off (PTO) for vacation and/or personal business."
R10231480,Sentinel Material Process Engineer- *18027,Material/Process,"Roy, UT, US",onsite,5/1/2026,https://jobs.northropgrumman.com/careers/job/1340071570556,,Bachelor's degree in a Materials Science and Engineering or related STEM field.Minimum of 2 years of relevant experienceU.S. CitizenMust have the ability to obtain and maintain Secret clearanceMust have the ability to obtain and maintain Special Access Program (SAP) clearancePrevious experience leading projectsFamiliarity with metallurgical engineeringAbility to read and interpret technical drawings and 3D modelsExperience with AWS and/or ASME welding specifications,"Degree in Corrosion Engineering or Metallurgy, Welding Engineering, Chemical Engineering, OR Materials Engineering.Familiarity with Corrosion, metallurgy, welding, mechanical properties, materials properties, etc.Understanding of process/procedure development, control, and improvementDemonstrated passion for corrosion, metallurgy, material properties, etc.Demonstrated passion for being a creative or out-of-the box thinkingTest Plan Writing and reviewing experience negotiation soft skillsExperience reviewing & approving materials and processes to be added to Program Approved Materials and processes listFamiliar with Service Life Testing, reliability sampling, and failure analysis,Ability to obtain and maintain a Top Secret clearanceStrong oral and written communication skills, including demonstrated experience with high value customer presentations, with ability to focus on multiple projects with competing prioritiesDemonstrated experience in making sound decisions in uncertain and difficult situations.Strong sense of urgency and work ethic in ensuring engineering meets customer and program expectations in a timely and efficient mannerExperience in leading/supporting a development engineering teamDemonstrated experience working with customers to ensure project successExperience in performing in an Agile environment and knowledge/understanding of JIRA

Primary Level Salary Range: $72,100.00 - $108,100.00

The above salary range represents a general guideline; however, Northrop Grumman considers a number of factors when determining base salary offers such as the scope and responsibilities of the position and the candidate's experience, education, skills and current market conditions.

Depending on the position, employees may be eligible for overtime, shift differential, and a discretionary bonus in addition to base pay. Annual bonuses are designed to reward individual contributions as well as allow employees to share in company results. Employees in Vice President or Director positions may be eligible for Long Term Incentives. In addition, Northrop Grumman provides a variety of benefits including health insurance coverage, life and disability insurance, savings plan, Company paid holidays and paid time off (PTO) for vacation and/or personal business."
R10230894,F-18 Aircraft Structures Mechanic 4,Flight Operations Mult-Func,"San Antonio, TX, US",onsite,4/30/2026,https://jobs.northropgrumman.com/careers/job/1340071525176,"Performing maintenance operations on F-18 aircraft, aircraft equipment, components, and systems in accordance all applicable directives.A variety of major structure repairs, remove/replace parts such as skins, intercostals, heat shields, bulkheads, longerons and fittings.Ability to read and interpret blueprints, assembly drawings, process specifications, technical manuals, written instructions, test procedures, etc.Able to perform part-fitting operations as filing, sawing, deburring, trimming, riveting, precision drilling, reaming, coldworking, and composite repairs.   Able to remove, replace multiple types of fasteners including, Hi-loks. Jo-bolts, Cherry max, and Huk-bolts, and fast rivets.Able to interpret diameters and dimensions using scales, squares, micrometers, calipers, ball gauges, pin gauges, and depth gauges. Basic Qualifications for F/A-18E/F Structure Mechanic 4: 

Have at least 4 years of experience and familiarity with inspections, servicing, troubleshooting, removals, and repairs. Must have and maintain an active secret DOD clearance This position requires the ability to perform moderate strenuous physical and repetitious work to include bending, stooping, kneeling, carrying tools, lifting up to 50 pounds, working overhead, and accessing small, confined spacesMust be able to pass a physical/respiratory evaluation to obtain and maintain necessary respirator clearance and compliance with all respirator fitting requirementsMust have comprehensive written and verbal English communication skills. Must have the ability to work flexible schedules to accommodate customer maintenance requirements. Must be able to clearly document maintenance and repair actions, equipment status tags, logs, parts requests, etc.  ·Must be able to perform assigned duties while wearing required safety equipment.  Will be required to comply with all rules and regulations concerning health and safety, tool control, FOD control, and all training and certification requirements. 

Preferred Qualifications for F/A-18 Structure Mechanic 4: 

Strong preference to candidates who have supported U.S. Navy F-18 or F/A-18 squadrons on deployment, depot level or assembly. 

Primary Level Salary Range: $55,500.00 - $92,500.00

The above salary range represents a general guideline; however, Northrop Grumman considers a number of factors when determining base salary offers such as the scope and responsibilities of the position and the candidate's experience, education, skills and current market conditions.

Depending on the position, employees may be eligible for overtime, shift differential, and a discretionary bonus in addition to base pay. Annual bonuses are designed to reward individual contributions as well as allow employees to share in company results. Employees in Vice President or Director positions may be eligible for Long Term Incentives. In addition, Northrop Grumman provides a variety of benefits including health insurance coverage, life and disability insurance, savings plan, Company paid holidays and paid time off (PTO) for vacation and/or personal business.",,
R10230892,F-18 Aircraft Structures Mechanic 3,Flight Operations Mult-Func,"San Antonio, TX, US",onsite,4/30/2026,https://jobs.northropgrumman.com/careers/job/1340071482879,"Performs maintenance operations on F-18 aircraft, aircraft equipment, components, and systems in accordance all applicable directives.A variety of major structure repairs, remove/replace parts such as skins, intercostals, heat shields, bulkheads, longerons and fittings.Ability to read and interpret blueprints, assembly drawings, process specifications, technical manuals, written instructions, test procedures, etc.Able to perform part-fitting operations as filing, sawing, deburring, trimming, riveting, precision drilling, reaming, coldworking, and composite repairs.  Able to remove, replace multiple types of fasteners including, Hi-loks. Jo-bolts, Cherry max, and Huk-bolts, and fast rivets. Able to interpret diameters and dimensions using scales, squares, micrometers, calipers, ball gauges, pin gauges, and depth gauges. 

Basic Qualifications for F/A-18E/F Structure Mechanic 3: 

Have at least 4 years of experience and familiarity with inspections, servicing, troubleshooting, removals, and repairs. Must have an active DoD Secret or Top Secret clearance or higher (with a background investigation completed within the last 6 years or currently enrolled into Continuous Evaluation)This position requires the ability to perform moderate strenuous physical and repetitious work to include bending, stooping, kneeling, carrying tools, lifting up to 50 pounds, working overhead, and accessing small, confined spacesMust be able to pass a physical/respiratory evaluation to obtain and maintain necessary respirator clearance and compliance with all respirator fitting requirementsMust have comprehensive written and verbal English communication skills. Must have the ability to work flexible schedules to accommodate customer maintenance requirements. Must be able to clearly document maintenance and repair actions, equipment status tags, logs, parts requests, etc.  Must be able to perform assigned duties while wearing required safety equipment.  Will be required to comply with all rules and regulations concerning health and safety, tool control, FOD control, and all training and certification requirements. 

Preferred Qualifications for F/A-18 Structure Mechanic 3: 

Strong preference to candidates who have supported U.S. Navy F-18 or F/A-18 squadrons on deployment, depot level or assembly. 

Primary Level Salary Range: $55,500.00 - $92,500.00

The above salary range represents a general guideline; however, Northrop Grumman considers a number of factors when determining base salary offers such as the scope and responsibilities of the position and the candidate's experience, education, skills and current market conditions.

Depending on the position, employees may be eligible for overtime, shift differential, and a discretionary bonus in addition to base pay. Annual bonuses are designed to reward individual contributions as well as allow employees to share in company results. Employees in Vice President or Director positions may be eligible for Long Term Incentives. In addition, Northrop Grumman provides a variety of benefits including health insurance coverage, life and disability insurance, savings plan, Company paid holidays and paid time off (PTO) for vacation and/or personal business.",,
R10230388,F-18 Electrical Avionics Technician 3,Flight Operations Mult-Func,"San Antonio, TX, US",onsite,4/30/2026,https://jobs.northropgrumman.com/careers/job/1340071372672,,"Should have at least 4 years of F/A-18 E/F experience and familiarity with F/A-18 inspections, servicing, troubleshooting, removals, and repairs.Must have comprehensive written and verbal English communication skills.Must have the ability to work flexible schedules to accommodate customer maintenance requirements.Must be able to clearly document maintenance and repair actions, equipment status tags, logs, parts requests, etc. Must be able to perform assigned duties while wearing required safety equipment.Will be required to comply with all rules and regulations concerning health and safety, tool control, FOD control, and all training and certification requirements.This position requires the ability to perform moderate strenuous physical and repetitious work to include bending, stooping, kneeling, carrying tools, lifting up to 50 pounds, working overhead, and accessing small, confined spacesMust be able to pass a physical/respiratory evaluation to obtain and maintain necessary respirator clearance and compliance with all respirator fitting requirements","Strong preference to candidates who have supported U.S. Navy F-18 squadrons on deployment.A&P LicenseFCC Radar EndorsementU.S. Navy or USMC backgroundActive Secret DoD clearance

Primary Level Salary Range: $60,500.00 - $100,900.00

The above salary range represents a general guideline; however, Northrop Grumman considers a number of factors when determining base salary offers such as the scope and responsibilities of the position and the candidate's experience, education, skills and current market conditions.

Depending on the position, employees may be eligible for overtime, shift differential, and a discretionary bonus in addition to base pay. Annual bonuses are designed to reward individual contributions as well as allow employees to share in company results. Employees in Vice President or Director positions may be eligible for Long Term Incentives. In addition, Northrop Grumman provides a variety of benefits including health insurance coverage, life and disability insurance, savings plan, Company paid holidays and paid time off (PTO) for vacation and/or personal business."
R10231422,Program Cost and Schedule Control Analyst,Business Management Mult-Func,"Redondo Beach, CA, US",onsite,4/30/2026,https://jobs.northropgrumman.com/careers/job/1340071560216,,,"Understanding of Government Contracting and Business Processes

Understanding of Business Systems (SAP/Cobra)

Ability to obtain a DoD Secret clearance

We offer phenomenal learning opportunities, exposure to a wide variety of projects and customers, and a very friendly collaborative workplace. We are looking for self-motivated, proactive, and goal-oriented people to help us grow our services and become even better at what we do. Does this sound like you?

At Northrop Grumman, we are innovating-- building the next generation of sophisticated aircraft to protect our country. Our diverse portfolio of programs means there are endless paths to cultivate your career. We are well-known for our inclusive, family environment, as well as our excellent work/life balance. We also offer exceptional benefits/healthcare, a 9/80 schedule, and a great 401K matching program.

Primary Level Salary Range: $75,800.00 - $113,800.00

The above salary range represents a general guideline; however, Northrop Grumman considers a number of factors when determining base salary offers such as the scope and responsibilities of the position and the candidate's experience, education, skills and current market conditions.

Depending on the position, employees may be eligible for overtime, shift differential, and a discretionary bonus in addition to base pay. Annual bonuses are designed to reward individual contributions as well as allow employees to share in company results. Employees in Vice President or Director positions may be eligible for Long Term Incentives. In addition, Northrop Grumman provides a variety of benefits including health insurance coverage, life and disability insurance, savings plan, Company paid holidays and paid time off (PTO) for vacation and/or personal business."
R10230917,INSPECTOR A,NGC - Non - NGJF S01,"Annapolis, MD, US",onsite,4/29/2026,https://jobs.northropgrumman.com/careers/job/1340071523607,,,"Experience with SAP.Experience with Geometric Dimensioning and Tolerancing (GD&T).Active Secret Clearance.

#MPR

Primary Level Salary Range: $48,460.00 - $112,670.00

The above salary range represents a general guideline; however, Northrop Grumman considers a number of factors when determining base salary offers such as the scope and responsibilities of the position and the candidate's experience, education, skills and current market conditions.

Depending on the position, employees may be eligible for overtime, shift differential, and a discretionary bonus in addition to base pay. Annual bonuses are designed to reward individual contributions as well as allow employees to share in company results. Employees in Vice President or Director positions may be eligible for Long Term Incentives. In addition, Northrop Grumman provides a variety of benefits including health insurance coverage, life and disability insurance, savings plan, Company paid holidays and paid time off (PTO) for vacation and/or personal business."
R10230600,PROCESS ASSESSOR,NGC - Non - NGJF S01,"Annapolis, MD, US",onsite,4/29/2026,https://jobs.northropgrumman.com/careers/job/1340071428933,,,"Experience with SAP, MES and MPLM.

Experience with Geometric Dimensioning and Tolerancing (GD&T).

IPC-J-STD-001 certified or experience.

Active Secret Clearance.

IPC-A-610, IPC-A-620 Certified

#MPR

Primary Level Salary Range: $52,094.00 - $125,390.00

The above salary range represents a general guideline; however, Northrop Grumman considers a number of factors when determining base salary offers such as the scope and responsibilities of the position and the candidate's experience, education, skills and current market conditions.

Depending on the position, employees may be eligible for overtime, shift differential, and a discretionary bonus in addition to base pay. Annual bonuses are designed to reward individual contributions as well as allow employees to share in company results. Employees in Vice President or Director positions may be eligible for Long Term Incentives. In addition, Northrop Grumman provides a variety of benefits including health insurance coverage, life and disability insurance, savings plan, Company paid holidays and paid time off (PTO) for vacation and/or personal business."
R10231269,Property Asset Management Analyst - Level 1,Business Management Mult-Func,"Redondo Beach, CA, US",onsite,4/29/2026,https://jobs.northropgrumman.com/careers/job/1340071549694,,"Bachelor’s degree with 1 year of relevant professional experience in property asset management.Proficient knowledge of Microsoft Office Suite, including MS Excel.Good communication skills.Ability to work well with others.Ability to lift up to 30 pounds, when needed.Must have the ability to obtain and maintain a U.S. Government Top-Secret security clearance.","Ability to interpret and formulate independent judgment based on federal regulations, FAR 52-245.1 and applicable DFARS clauses.Experience with SAP.National Property Management Association (NPMA) Certifications (CPPS, CPPA, CPPM).Space/Defense Industry experience.

About Space Sector: We are an industry-leading provider for prime satellite and payload capabilities and directed energy and electronics solutions for national security, military, and civil customers. 

Curious about all the exciting developments with the Northrop Grumman Space Sector? Click the link below:

https://www.northropgrumman.com/space

Primary Level Salary Range: $57,300.00 - $85,900.00

The above salary range represents a general guideline; however, Northrop Grumman considers a number of factors when determining base salary offers such as the scope and responsibilities of the position and the candidate's experience, education, skills and current market conditions.

Depending on the position, employees may be eligible for overtime, shift differential, and a discretionary bonus in addition to base pay. Annual bonuses are designed to reward individual contributions as well as allow employees to share in company results. Employees in Vice President or Director positions may be eligible for Long Term Incentives. In addition, Northrop Grumman provides a variety of benefits including health insurance coverage, life and disability insurance, savings plan, Company paid holidays and paid time off (PTO) for vacation and/or personal business."
R10229972,Engineer Process,Material/Process,"Radford, VA, US",onsite,4/29/2026,https://jobs.northropgrumman.com/careers/job/1340071318012,,"Bachelors degree in STEM field, preferably in Chemical or Mechanical Engineering with 2 years of experience or a masters degree in STEM.Strong interpersonal skills.Personal computer skills.Commitment to creating and maintaining a safe work environment.Strong time management skills.","Experience in a manufacturing environment

Primary Level Salary Range: $72,100.00 - $108,100.00

The above salary range represents a general guideline; however, Northrop Grumman considers a number of factors when determining base salary offers such as the scope and responsibilities of the position and the candidate's experience, education, skills and current market conditions.

Depending on the position, employees may be eligible for overtime, shift differential, and a discretionary bonus in addition to base pay. Annual bonuses are designed to reward individual contributions as well as allow employees to share in company results. Employees in Vice President or Director positions may be eligible for Long Term Incentives. In addition, Northrop Grumman provides a variety of benefits including health insurance coverage, life and disability insurance, savings plan, Company paid holidays and paid time off (PTO) for vacation and/or personal business."
R10230129,Sentinel - Program Cost and Schedule Control Analyst 2 or 3 (18572),Business Management Mult-Func,"Roy, UT, US",onsite,4/29/2026,https://jobs.northropgrumman.com/careers/job/1340071373847,"Setup, monitoring, and controlling program costs and schedulesPerforming analyses and preparing reports to ensure that contracts are within negotiated and agreed-upon parametersPreparing budgets and schedules for contract workIncorporating contracts changes into control systemsEstimate and completion and forecast related activitiesPerforming miscellaneous financial analysis as required","This position may be filled at a Program Cost Schedule Control Analyst level or at a Principal Program Cost Schedule Control Analyst level

Requires a Bachelor’s degree with 2 years of experience in Business, Finance, Accounting, Cost Accounting, Aerospace and Defense, or related professional experience; a Master's degree with 1 year; or 6 years with a HS Diploma (or equivalent) may be accepted in lieu of degree (Principal level requires 5 years with a bachelor's; 3 years with a Master's; or 9 years with a HS diploma may be accepted in lieu of degree)Must be a US Citizen and able to obtain and maintain a U.S. Government Secret Security ClearanceRequires experience with MS Office Outlook, Word, PowerPoint and Excel (Principal level should also include Pivot tables, Vlook Up, VBA and/or Macros)Requires experience with an ERP (Enterprise Resource Planning) tool, Business Intelligence and Analytics tool, Project Management and Planning tool and/or Collaboration and Integration tools.Principal level requires 1 year experience with Earned Value Management (EVM) Principals and applying Earned Value Techniques; using EVMS Software (i.e., SAP, SAP BW, Deltek Cobra, Open Plan, MPM, Acumen One IWO, Primavera P6) (EVM Certification will be accepted in lieu of one year experience) Principal level requires experience managing and analyzing project costs using Work Breakdown Structure (WBS)","Active DoD Secret level security clearanceExperience in Accounting, Finance, Business Administration, Program Cost Analysis or Program SchedulingAerospace/Defense Industry experienceEarned Value Management System (EVMS) experienceExperience working in Deltek Cobra, Microsoft Project, or Oracle PrimaveraStrong analytical abilityAbility to effectively manage competing priorities and deadlinesAbility to handle multiple tasks in a fast-paced environmentExcellent problem solving and organizational skills​

Position Benefits

As a full-time employee of Northrop Grumman Defense Systems, you are eligible for our robust benefits package including:

Medical, Dental & Vision coverage401kEducational AssistanceLife InsuranceEmployee Assistance Programs & Work/Life SolutionsPaid Time OffHealth & Wellness ResourcesEmployee Discounts 

This position’s standard work schedule is 9/80. The 9/80 schedule allows employees who work a nine-hour day Monday through Thursday to take every other Friday off. This role may offer a competitive relocation assistance package.

#SentinelBusMgmt

Primary Level Salary Range: $65,500.00 - $98,300.00

Secondary Level Salary Range: $81,400.00 - $122,000.00

The above salary range represents a general guideline; however, Northrop Grumman considers a number of factors when determining base salary offers such as the scope and responsibilities of the position and the candidate's experience, education, skills and current market conditions.

Depending on the position, employees may be eligible for overtime, shift differential, and a discretionary bonus in addition to base pay. Annual bonuses are designed to reward individual contributions as well as allow employees to share in company results. Employees in Vice President or Director positions may be eligible for Long Term Incentives. In addition, Northrop Grumman provides a variety of benefits including health insurance coverage, life and disability insurance, savings plan, Company paid holidays and paid time off (PTO) for vacation and/or personal business."
R10231267,Property and Asset Control Support - Level 2 or 3,Business Management Mult-Func,"Carson, CA, US; Redondo Beach, CA, US",onsite,4/29/2026,https://jobs.northropgrumman.com/careers/job/1340071549540,,Level 2: High School Diploma or equivalent and 2+ years of additional education and/or related warehouse experience.Level 3: High School Diploma or equivalent with 4+ years of additional education and/or related warehouse experience.Good verbal and written communication skills.Must have the ability to obtain and maintain a U.S. Government DoD Top-Secret security clearance.,"Proficiency in Microsoft Office (Excel, Word, PowerPoint, Outlook, Teams).NPMA Certifications (CPPS, CPPA, CPPM).

About Space Sector: We are an industry-leading provider for prime satellite and payload capabilities and directed energy and electronics solutions for national security, military, and civil customers. 

Curious about all the exciting developments with the Northrop Grumman Space Sector? Click the link below:  https://www.northropgrumman.com/space

Primary Level Salary Range: $43,400.00 - $72,300.00

Secondary Level Salary Range: $51,400.00 - $85,600.00

The above salary range represents a general guideline; however, Northrop Grumman considers a number of factors when determining base salary offers such as the scope and responsibilities of the position and the candidate's experience, education, skills and current market conditions.

Depending on the position, employees may be eligible for overtime, shift differential, and a discretionary bonus in addition to base pay. Annual bonuses are designed to reward individual contributions as well as allow employees to share in company results. Employees in Vice President or Director positions may be eligible for Long Term Incentives. In addition, Northrop Grumman provides a variety of benefits including health insurance coverage, life and disability insurance, savings plan, Company paid holidays and paid time off (PTO) for vacation and/or personal business."
R10231307,Engineer Electrical/Principal Electrical Engineer,Electrical,"McClellan Park, CA, US",onsite,4/29/2026,https://jobs.northropgrumman.com/careers/job/1340071557091,,,"Practical experience or coursework in programming languages such as C++, Rust, or Python.

Hands-on experience with Software Defined Radio (SDR) technologies.

Proficiency in lab-based testing and use of relevant test and measurement equipment.

Experience with simulating and processing RF communications in GNU Radio.

Familiarity software testing principles, version control systems (e.g., git), and object oriented design.

TS/SCI security clearance.

Desirable Attributes:

Self-motivated with the ability to collaborate effectively in a team-oriented environment.

Passion for learning and an eagerness to grow technical expertise in Digital Signal Processing and RF communication systems. Researches, develops, designs, and tests electrical components, equipment, systems, and networks. Designs electrical equipment, facilities, components, products, and systems for commercial, industrial, and domestic purposes.

What We Can Offer You:
Northrop Grumman provides a comprehensive benefits package and a work environment which encourages your growth and supports the mutual success of our people and our company. Northrop Grumman benefits give you the
flexibility and control to choose the benefits that make the most sense for you and your family.

Your benefits will include the following: Health Plan, Savings Plan, Paid Time Off and Additional Benefits including: Education Assistance, Training and Development, 9/80 Work Schedule (where available), and much more!

Primary Level Salary Range: $91,800.00 - $137,600.00

Secondary Level Salary Range: $114,000.00 - $171,000.00

The above salary range represents a general guideline; however, Northrop Grumman considers a number of factors when determining base salary offers such as the scope and responsibilities of the position and the candidate's experience, education, skills and current market conditions.

Depending on the position, employees may be eligible for overtime, shift differential, and a discretionary bonus in addition to base pay. Annual bonuses are designed to reward individual contributions as well as allow employees to share in company results. Employees in Vice President or Director positions may be eligible for Long Term Incentives. In addition, Northrop Grumman provides a variety of benefits including health insurance coverage, life and disability insurance, savings plan, Company paid holidays and paid time off (PTO) for vacation and/or personal business."
R10231388,GNC Engineer: HWIL (Hardware-in-the-Loop) – Level 1/2 (Chandler),Systems/Architecture/Test,"Chandler, AZ, US",onsite,4/29/2026,https://jobs.northropgrumman.com/careers/job/1340071558811,,,
R10231439,Mechanical Technician 3,Tech Support Mult-Func,"Vandenberg Space Force Base, CA, US",onsite,4/29/2026,https://jobs.northropgrumman.com/careers/job/1340071560749,,"High School diploma or equivalent and 4 years additional education and/or related experience

Experience in handling chemicals such as Isopropyl Alcohol and Acetone

Adept at reading drawings, process specification, and work order instructions.

Able to obtain and maintain a DoD Security clearance or SCI Access.

Willing to work any shift.","AA degree or other two-year technical degree

Familiar with Northrop Grumman Corporation processes.

Basic knowledge of Microsoft Office to supplement work order and other data requirements

Able to perform daily work in an approved integration processing facility, to include wearing ESD smocks, ordnance jackets, and other PPE.

Primary Level Salary Range: $66,600.00 - $111,000.00

The above salary range represents a general guideline; however, Northrop Grumman considers a number of factors when determining base salary offers such as the scope and responsibilities of the position and the candidate's experience, education, skills and current market conditions.

Depending on the position, employees may be eligible for overtime, shift differential, and a discretionary bonus in addition to base pay. Annual bonuses are designed to reward individual contributions as well as allow employees to share in company results. Employees in Vice President or Director positions may be eligible for Long Term Incentives. In addition, Northrop Grumman provides a variety of benefits including health insurance coverage, life and disability insurance, savings plan, Company paid holidays and paid time off (PTO) for vacation and/or personal business."
R10231310,Engineer Systems Safety 1/2,Environmental,"Rocket Center, WV, US",onsite,4/29/2026,https://jobs.northropgrumman.com/careers/job/1340071557088,,"Level 1: Bachelor’s degree. Degree field in Safety, Physics, Mechanical, Aerospace, Manufacturing or Electrical Engineering. Experience in a manufacturing environment or support role preferably in a technical operations, manufacturing, or process engineering capacity.Level 2: Bachelor’s degree with 2+ years of experience OR a Masters Degree. Degree field in Safety, Physics, Mechanical, Aerospace, Manufacturing or Electrical Engineering. Experience in a manufacturing environment or support role preferably in a technical operations, manufacturing, or process engineering capacity.Experience in a manufacturing environment or support role preferably in a technical operations, manufacturing, or process engineering capacity.Must have strong multitasking and problem-solving abilities. Well-organized, works effectively with little to no supervision, maintains attention to detail and deals effectively with ambiguity. Must have strong communication skills (written and verbal). You must be able to prepare and deliver briefings of technical information, with clarity, to all levels of management and customer personnel.Demonstrated hands-on mechanical ability.Knowledge of computer aided design software.Microsoft Office proficiency - Excel, Word, Power Point, etc.Able to obtain a Secret security clearance (US Citizenship is required)","Master’s degree in engineering, safety or physics.Working knowledge of MIL-STD 882, DOD 4145.26M, DoD 6055.9, OSHA and NFPA regulations.Experience working with energetics and energetic processes.Ability to work collaboratively in a team environmentWorking knowledge of ladder logic and control system applicationsUnderstanding of design costs and schedulesAbility to manage multiple projects and competing prioritiesExperience troubleshooting and repairing existing toolsWillingness to work off-hours to support program needs, when neededExperience in electrical and control systems designAbility to maintain and update control and electrical drawingsAbility to design electrical power layout for new equipmentAbility to interface with equipment vendors and contractors to troubleshoot and resolve issuesExperience with Rockwell and/or Schneider Electric control softwareAbility to develop and maintain PLC source code for assembly machines and chemical processes

What to Expect:

If you are a dynamic and motivated professional, Northrop Grumman is the company that will help further your experience and career growth. We offer highly competitive salaries, an array of benefits to give you the support you need, and the opportunity to connect with coworkers in an environment that is professional, creative and ﬂexible. Join our team and Work On What Matters.

This position falls under a Federal Explosives License issued by the Bureau of Alcohol, Tobacco, Firearms and Explosives (ATF) for this location. Candidates hired into this role will be required to complete and submit an Employee Possessor Questionnaire to ATF for approval to be a possessor.

Primary Level Salary Range: $59,900.00 - $89,900.00

Secondary Level Salary Range: $72,100.00 - $108,100.00

The above salary range represents a general guideline; however, Northrop Grumman considers a number of factors when determining base salary offers such as the scope and responsibilities of the position and the candidate's experience, education, skills and current market conditions.

Depending on the position, employees may be eligible for overtime, shift differential, and a discretionary bonus in addition to base pay. Annual bonuses are designed to reward individual contributions as well as allow employees to share in company results. Employees in Vice President or Director positions may be eligible for Long Term Incentives. In addition, Northrop Grumman provides a variety of benefits including health insurance coverage, life and disability insurance, savings plan, Company paid holidays and paid time off (PTO) for vacation and/or personal business."
R10230964,Precision Electromechanical Assembler 2,Manufacturing and Production,"Rolling Meadows, IL, US",onsite,4/28/2026,https://jobs.northropgrumman.com/careers/job/1340071523191,,,
R10229096,Program Cost and Schedule Control Analyst,Business Management Mult-Func,"Redondo Beach, CA, US",onsite,4/28/2026,https://jobs.northropgrumman.com/careers/job/1340071173936,,,"Understanding of Government Contracting and Business Processes

Understanding of Business Systems (SAP/Cobra)

Active DoD Secret Clearance

We offer phenomenal learning opportunities, exposure to a wide variety of projects and customers, and a very friendly collaborative workplace. We are looking for self-motivated, proactive, and goal-oriented people to help us grow our services and become even better at what we do. Does this sound like you?

At Northrop Grumman, we are innovating-- building the next generation of sophisticated aircraft to protect our country. Our diverse portfolio of programs means there are endless paths to cultivate your career. We are well-known for our inclusive, family environment, as well as our excellent work/life balance. We also offer exceptional benefits/healthcare, a 9/80 schedule, and a great 401K matching program.

Primary Level Salary Range: $75,800.00 - $113,800.00

The above salary range represents a general guideline; however, Northrop Grumman considers a number of factors when determining base salary offers such as the scope and responsibilities of the position and the candidate's experience, education, skills and current market conditions.

Depending on the position, employees may be eligible for overtime, shift differential, and a discretionary bonus in addition to base pay. Annual bonuses are designed to reward individual contributions as well as allow employees to share in company results. Employees in Vice President or Director positions may be eligible for Long Term Incentives. In addition, Northrop Grumman provides a variety of benefits including health insurance coverage, life and disability insurance, savings plan, Company paid holidays and paid time off (PTO) for vacation and/or personal business."
R10230115,Supply Chain Technical Coordinator 2 OR 3,Global Supply Chain Mult-Func,"Palmdale, CA, US",onsite,4/28/2026,https://jobs.northropgrumman.com/careers/job/1340071347357,,,"·       Prior experience using a forklift/reach lift/pallet jack.

·       Prior experience using SAP/ MES.

·       Hazmat or chemical handling experience.

·       Experience in Aerospace Manufacturing.

·       Active DoD Special Program Access

At Northrop Grumman, our employees have incredible opportunities to work on revolutionary systems in air and space that impact people’s lives around the world today, and for generations to come. Our work preserves freedom and democracy, and advances human discovery and our understanding of the universe. We look for people who have bold new ideas, courage and a pioneering spirit to join forces to invent the future, and have a lot of fun along the way. Our culture thrives on intellectual curiosity, cognitive diversity and bringing your whole self to work — and we have an insatiable drive to do what others think is impossible. Our employees are not only part of history, they’re making history.

Join Northrop Grumman on our continued mission to push the boundaries of possible across land, sea, air, space, and cyberspace. Enjoy a culture where your voice is valued and start contributing to our team of passionate professionals providing real-life solutions to our world’s biggest challenges. We take pride in creating purposeful work and allowing our employees to grow and achieve their goals every day by Defining Possible. With our competitive pay and comprehensive benefits, we have the right opportunities to fit your life and launch your career today.

Primary Level Salary Range: $22.69 - $37.79

Secondary Level Salary Range: $26.92 - $44.90

The above salary range represents a general guideline; however, Northrop Grumman considers a number of factors when determining base salary offers such as the scope and responsibilities of the position and the candidate's experience, education, skills and current market conditions.

Depending on the position, employees may be eligible for overtime, shift differential, and a discretionary bonus in addition to base pay. Annual bonuses are designed to reward individual contributions as well as allow employees to share in company results. Employees in Vice President or Director positions may be eligible for Long Term Incentives. In addition, Northrop Grumman provides a variety of benefits including health insurance coverage, life and disability insurance, savings plan, Company paid holidays and paid time off (PTO) for vacation and/or personal business."
R10231235,Environmental Engineer / Principal Environmental Engineer,Environmental,"Elkton, MD, US",onsite,4/28/2026,https://jobs.northropgrumman.com/careers/job/1340071547902,,,
R10229695,Supply Chain Operations Coordinator 3,Global Supply Chain Mult-Func,"Clearfield, UT, US",remote_local,4/28/2026,https://jobs.northropgrumman.com/careers/job/1340071293158,"Tracking expiration dates

Escort non-badged vendors.

Create work orders in Fleetmate.

Order misc. parts as needed.

Respond to customer’s requests for repairs.

Coordinate repairs with outside vendors and dealers.

Create Fleetmate file for new vehicles.

Annual Opacity testing 

Coordinate quarterly CHP inspection (January, April, July, October).

Support annual BIT bus terminal inspection (October/November).

Place bulk oil and DEF orders and needed 

Place order to fill unleaded and diesel holding tanks as needed 

Place order with fuels dept. to fill Jet fuel tank 

Monitor truck tire inventory:

Gather EIN compliance information on new material handling equipment and report to ESHM.

Transport vehicles and trucks to vendor’s shop for repair and maintenance.

Pay credit card charges for vendors without an active PO agreement.

Fleet Operations:

Assist with asset disposal and transfer process

Support Pool Vehicles Requirements / Rentals Process when vehicles are being repaired

Assist in Title, Registration and all areas of keeping the Fleet compliant

Analyzes, evaluates, and approves maintenance invoices (including Heavy Duty Class 8 vehicles) and takes remedial action to minimize budgetary abuse

Evaluate and approve maintenance requests as required, sending up for management approvals

Assist in ensuring all vehicles are maintained to manufacturer recommendations

Responsible for compliance related to operating a Commercial DOT Fleet

A clear understanding of Title, Registration and Permitting process for all types of vehicle to include IFTA, Base and IRP procedures & PFR

Receiving & filing required documents

DOT Compliance 

Maintain Driver Qualification files and records in partnership with DOT & JJ Keller.

Meet DOT requirements as well as applicable state laws/FMCSA guidelines.

Assure NGC DOT Drug and Alcohol program is compliant with the FMCSA Clearinghouse regulations.

Complete DOT IFTA reports quarterly manually or using platforms, currently used with observed opportunities within JJ Keller.

Complete and file MCS150 Bi-Annually.

Work with OTR Transportation Coordinators to Obtain, Install, and Audit Commercial Vehicles for required permits for Hazmat Alliance.

Set up and train employees on ELDs.

Ensure equipment has current registration, paperwork, and safety equipment. IRP - IFTA - DOT - PHMSA - MCS-150 - 30 DAY TRAINING - EPN CALIFORNIA - RANDOM DRUG TESTING - HAZMAT ALLIANCE - DOT DRIVER FILES - DOT TRUCK FILES - CALIFORNIA CHP","High School diploma or equivalent and 4 years additional education and/or related experience in transportation and fleet coordination, logistics, supply chain, or another relevant field.

Ability to obtain and maintain a DoD Secret clearance within a reasonable time period, as determined by the company to meet its business needs (after starting).","Prior experience with DOT and Fleet administration or coordination.

Knowledge of Class 5 - Class 8 vehicles

Handle tasks independently with minimal direction and guidance, including the ability to prioritize project activities and be detail-oriented.

Strong organizational skills, with the ability to direct and achieve priorities, goals, and strategies with limited supervision.

Proficiency in testing procedures, testing documentation, and security of testing files are required.

Experience maintaining confidentiality, personal integrity, and dependability.

Ability to deal with sensitive issues and maintain security and confidentiality.

Adaptable to fast-paced environments with changing circumstances, direction, and strategy.

Excellent verbal and written communication skills.

Able to multi-task.

Ability to work cooperatively and professionally with various individuals, exercising tact and discretion.

Demonstrate analytical and critical thinking skills.

Committed to providing excellent customer service at all times.

Primary Level Salary Range: $21.35 - $35.58

The above salary range represents a general guideline; however, Northrop Grumman considers a number of factors when determining base salary offers such as the scope and responsibilities of the position and the candidate's experience, education, skills and current market conditions.

Depending on the position, employees may be eligible for overtime, shift differential, and a discretionary bonus in addition to base pay. Annual bonuses are designed to reward individual contributions as well as allow employees to share in company results. Employees in Vice President or Director positions may be eligible for Long Term Incentives. In addition, Northrop Grumman provides a variety of benefits including health insurance coverage, life and disability insurance, savings plan, Company paid holidays and paid time off (PTO) for vacation and/or personal business."
R10230077,Supply Chain Tech Coord  2 or 3,Global Supply Chain Mult-Func,"Palmdale, CA, US",onsite,4/28/2026,https://jobs.northropgrumman.com/careers/job/1340071321781,,,"·       Prior experience using a forklift/reach lift/pallet jack.

·       Prior experience using SAP/ MES.

·       Hazmat or chemical handling experience.

·       Experience in Aerospace Manufacturing.

·       Active DoD Special Program Access

At Northrop Grumman, our employees have incredible opportunities to work on revolutionary systems in air and space that impact people’s lives around the world today, and for generations to come. Our work preserves freedom and democracy, and advances human discovery and our understanding of the universe. We look for people who have bold new ideas, courage and a pioneering spirit to join forces to invent the future, and have a lot of fun along the way. Our culture thrives on intellectual curiosity, cognitive diversity and bringing your whole self to work — and we have an insatiable drive to do what others think is impossible. Our employees are not only part of history, they’re making history.

Join Northrop Grumman on our continued mission to push the boundaries of possible across land, sea, air, space, and cyberspace. Enjoy a culture where your voice is valued and start contributing to our team of passionate professionals providing real-life solutions to our world’s biggest challenges. We take pride in creating purposeful work and allowing our employees to grow and achieve their goals every day by Defining Possible. With our competitive pay and comprehensive benefits, we have the right opportunities to fit your life and launch your career today.

Primary Level Salary Range: $22.69 - $37.79

Secondary Level Salary Range: $26.92 - $44.90

The above salary range represents a general guideline; however, Northrop Grumman considers a number of factors when determining base salary offers such as the scope and responsibilities of the position and the candidate's experience, education, skills and current market conditions.

Depending on the position, employees may be eligible for overtime, shift differential, and a discretionary bonus in addition to base pay. Annual bonuses are designed to reward individual contributions as well as allow employees to share in company results. Employees in Vice President or Director positions may be eligible for Long Term Incentives. In addition, Northrop Grumman provides a variety of benefits including health insurance coverage, life and disability insurance, savings plan, Company paid holidays and paid time off (PTO) for vacation and/or personal business."
R10228999,Principal/Quality Engineer (Level 2 OR 3),Mission/Quality Assurance,"Chandler, AZ, US",onsite,4/28/2026,https://jobs.northropgrumman.com/careers/job/1340071070436,,,
R10230966,Program Cost Schedule Control Analyst 2/3,Business Management Mult-Func,"Rocket Center, WV, US",onsite,4/27/2026,https://jobs.northropgrumman.com/careers/job/1340071523292,"Prepare Estimate at Completion in support of Corporate requirements

Prepare monthly forecasts for revenue and cash

Manage the day-to-day financial requirements for multiple projects

Work with program team and support required program meetings

Assist Financial Shared Services (FSS) with invoicing

Maintain project detail with Deltek/Costpoint

Support Customer required reporting requirements","This position may be filled at a level 2 or level 3

Requires a Bachelor’s degree with 2 years of related experience; a Master's degree with 1 year; or a High School diploma (or equivalent) and 6 years may be accepted in lieu of a degree (Principal level 3 requires a Bachelor's degree and 5 years; Master's degree and 3 years; or HS diploma and 9 years)

Must be able to work onsite in Rocket Center, WV

Requires experience with Microsoft Office Suite","Bachelors degree preferred with degree in Business Administration or Accounting highly preferred

Analytical Skills

Presentation skills

Organizational/Time Management skills and ability to multi task

Self-motivated and works well in team environment

Experience with Earned Value Management Systems (EVMS)

Experience with Deltek/Costpoint

Microsoft Office Suite Advanced Excel skills is highly preferred

Position Benefits

As a full-time employee of Northrop Grumman Defense Systems, you are eligible for our robust benefits package including:

Medical, Dental & Vision coverage

401k

Educational Assistance

Life Insurance

Employee Assistance Programs & Work/Life Solutions

Paid Time Off

Health & Wellness Resources

Employee Discounts 

This position’s standard work schedule is a 9/80. The 9/80 schedule allows employees who work a nine-hour day Monday through Thursday to take every other Friday off.

Primary Level Salary Range: $65,500.00 - $98,300.00

Secondary Level Salary Range: $81,400.00 - $122,000.00

The above salary range represents a general guideline; however, Northrop Grumman considers a number of factors when determining base salary offers such as the scope and responsibilities of the position and the candidate's experience, education, skills and current market conditions.

Depending on the position, employees may be eligible for overtime, shift differential, and a discretionary bonus in addition to base pay. Annual bonuses are designed to reward individual contributions as well as allow employees to share in company results. Employees in Vice President or Director positions may be eligible for Long Term Incentives. In addition, Northrop Grumman provides a variety of benefits including health insurance coverage, life and disability insurance, savings plan, Company paid holidays and paid time off (PTO) for vacation and/or personal business."
R10231064,Mechanical Engineer,Electrical,"McClellan Park, CA, US",onsite,4/27/2026,https://jobs.northropgrumman.com/careers/job/1340071525820,"Support design and development for 3U VPX Chassis and Systems, including support for existing product lines

Perform and review precision-mechanical design work: GD&T, fit/finish, assembly drawings, BOMs, and manufacturing work instructions

Develop and execute mechanical testing and qualification plans (vibration, thermal, shock, vacuum, life testing) to meet system requirements

Work closely with senior engineers including the chief engineer and program management to drive hardware design, working within challenging schedules

Derive system level requirements into mechanical designs

Support for root cause analysis and quick resolution of manufacturing line stops and other critical production activities

Collaborative work with other engineering organizations, program management, factory operations, global supply chain and mission assurance

Mentor junior engineers, conduct design reviews, and maintain engineering best practices for high-reliability inertial products

Basic Qualifications for a Mechanical Engineer:

Bachelor's degree in a Science, Technology, Engineering, Mathematics (STEM) discipline with 3 or more years applicable experience; OR a Master’s degree in a STEM discipline with 1 or more years applicable experience.

3 years’ minimum experience with Mechanical 3D Modeling using PTC Creo CAD software or Siemens NX.

3 years minimum experience generating Drawings and Build of Materials (BOM) (PTC Creo or Siemens NX preferred).

Experience releasing Drawings and BOMs in a Product Lifecycle Management (PDM) system (PTC Windchill or Siemens Teamcenter preferred).

Experience with Geometric Dimensioning and Tolerancing (GD&T) per ASME Y14.5 and tolerance stack-up analysis.

Good presentation and writing/communication skills.

Ability to obtain and maintain a Secret Security Clearance and US Citizenship required

Preferred Qualifications for a Mechanical Engineer:

Demonstrated proficiency with PTC Creo and Siemens NX CAD software and Teamcenter Product Lifecycle Management (PLM) software

Experience with VITA 3U or 6U VPX design standards

Experience with DOD, Military, and/or Space specifications including ASME

Experience with vibration testing, analysis and design for vibration isolation

Skills in mechanical testing and qualification plans (vibration, thermal, shock) to meet system requirements

Familiarity with test fixtures including design and development

Demonstrated high degree of creativity and ability to solve a wide range of difficult problems

Excellent verbal and written communication skills, with the ability to present complex technical information clearly

Proven ability to collaborate effectively with cross-functional teams

Strong analytical and problem-solving skills, with a focus on continuous improvement

Must be proactive and results-oriented, with a strong sense of ownership

Active Secret Security Clearance

Primary Level Salary Range: $91,800.00 - $137,600.00

The above salary range represents a general guideline; however, Northrop Grumman considers a number of factors when determining base salary offers such as the scope and responsibilities of the position and the candidate's experience, education, skills and current market conditions.

Depending on the position, employees may be eligible for overtime, shift differential, and a discretionary bonus in addition to base pay. Annual bonuses are designed to reward individual contributions as well as allow employees to share in company results. Employees in Vice President or Director positions may be eligible for Long Term Incentives. In addition, Northrop Grumman provides a variety of benefits including health insurance coverage, life and disability insurance, savings plan, Company paid holidays and paid time off (PTO) for vacation and/or personal business.",,
R10230762,Production Controller 2,Manufacturing and Production,"Rolling Meadows, IL, US",onsite,4/27/2026,https://jobs.northropgrumman.com/careers/job/1340071520590,,,
R10228835,Program Cost and Schedule Control Analyst,Business Management Mult-Func,"Melbourne, FL, US",onsite,4/23/2026,https://jobs.northropgrumman.com/careers/job/1340071045768,"Perform individually in the following with oversight from team lead/manager:

Develop and review material EACs

Ensure alignment with purchase orders for Major Subs and IWOs

Assist CAMs for EVMS activities including: WBS alignment, time phasing of the purchases, developing and documenting earned value methodologies, monthly performance measurement, estimate to complete analysis and updates, and variance analysis research and reporting

Support monthly cost and schedule reviews, identify pressures and opportunities, and develop recovery plans as required

Prepare budgets and schedules for contract work and perform and/or assists in financial analyses such as funding profiles, sales outlook, and variance analysis

Conduct analysis on material data and set up meetings with control account managers to review data

Provide support to Integrated Product Teams and Cost Management Managers

Support audits and reviews requested by programs, customers, and Suppliers","Bachelor’s degree with 2 years of experience in Business Management, Finance, Accounting, goods movement, supply chain or related OR a Master's degree

Proficient in Microsoft Office (Excel and PowerPoint)

Ability to work onsite daily in Melbourne, FL

Ability to obtain and maintain a DoD Secret clearance within a reasonable amount of time, as determined by the business","Financial forecasting and/or material accounting experience

Experience with Group Pegging and Distribution (GPD)

Experience with Business Systems (SAP S4/Cobra)

Working Experience in Earned Value Management (EVM) with ERP subcontract experience

We offer phenomenal learning opportunities, exposure to a wide variety of projects and customers, and a very friendly collaborative workplace. We are looking for self-motivated, proactive, and goal-oriented people to help us grow our services and become even better at what we do. Does this sound like you?

At Northrop Grumman, we are innovating-- building the next generation of sophisticated aircraft to protect our country. Our diverse portfolio of programs means there are endless paths to cultivate your career. We are well-known for our inclusive, family environment, as well as our excellent work/life balance. We also offer exceptional benefits/healthcare, a 9/80 schedule, and a great 401K matching program. 

Primary Level Salary Range: $65,500.00 - $98,300.00

The above salary range represents a general guideline; however, Northrop Grumman considers a number of factors when determining base salary offers such as the scope and responsibilities of the position and the candidate's experience, education, skills and current market conditions.

Depending on the position, employees may be eligible for overtime, shift differential, and a discretionary bonus in addition to base pay. Annual bonuses are designed to reward individual contributions as well as allow employees to share in company results. Employees in Vice President or Director positions may be eligible for Long Term Incentives. In addition, Northrop Grumman provides a variety of benefits including health insurance coverage, life and disability insurance, savings plan, Company paid holidays and paid time off (PTO) for vacation and/or personal business."
R10230707,Logistics Management Analyst,Tech Support Mult-Func,"Warner Robins, GA, US",onsite,4/23/2026,https://jobs.northropgrumman.com/careers/job/1340071470374,,"Must have Six (6) years related experience in supply chain management, material management, production and/or depot, and/or Enterprise Logistics with HS diploma/GED. Will consider an Associates degree or equivalent with a minimum of 4 years of related experience or a Bachelors degree with 2 years of related experience, or a Masters degree with 1 year related experience in supply chain management, material management, production and/or depot, and/or Enterprise Logistics

Ability to obtain and maintain a DoD Secret Clearance","Active Secret Clearance.

Bachelors Degree in related field

4+ years working with subcontract suppliers.

4+ years formulating strategic material postures.

4+ years’ experience with Material budgeting.

Experience with SAP, Team Center MRO, Accounting databases

Microsoft Office applications experience – mid level

NGSkills

Primary Level Salary Range: $59,600.00 - $89,400.00

The above salary range represents a general guideline; however, Northrop Grumman considers a number of factors when determining base salary offers such as the scope and responsibilities of the position and the candidate's experience, education, skills and current market conditions.

Depending on the position, employees may be eligible for overtime, shift differential, and a discretionary bonus in addition to base pay. Annual bonuses are designed to reward individual contributions as well as allow employees to share in company results. Employees in Vice President or Director positions may be eligible for Long Term Incentives. In addition, Northrop Grumman provides a variety of benefits including health insurance coverage, life and disability insurance, savings plan, Company paid holidays and paid time off (PTO) for vacation and/or personal business."
R10224329,Program Cost and Schedule Control Analyst,Business Management Mult-Func,"Palmdale, CA, US",onsite,4/23/2026,https://jobs.northropgrumman.com/careers/job/1340070299137,"Possess the ability to prepare and provide weekly/monthly analytical reports and tools to support trend analysis, and change control management utilizing SAP reporting

Developing and analyzing estimates to completion (ETC) and performing monthly Budget, EAC, Actuals, and Variance Analysis

Preparing EVMS baselines, maintaining artifacts, analyzing monthly performance, and updating Cobra

Controlling and reconciling all changes to the PMB (in a timely manner) and ensuring cost and schedule integration

Interfacing with CAMs, Engineering/Operations IPTs, and program leadership on monthly forecasts, updates, and status

Coordinating with cross-functional teams across multiple organizations

Fostering an environment of integrity, establishing relationships, and maintaining communication across the team and stakeholders at multiple levels

We offer phenomenal learning opportunities, exposure to a wide variety of projects and customers, and a very friendly collaborative workplace. We are looking for self-motivated, proactive, and goal-oriented people to help us grow our services and become even better at what we do. Does this sound like you?

At Northrop Grumman, we are innovating-- building the next generation of sophisticated aircraft to protect our country. Our diverse portfolio of programs means there are endless paths to cultivate your career. We are well-known for our inclusive, family environment, as well as our excellent work/life balance. We also offer exceptional benefits/healthcare, a 9/80 schedule OR 4/10 schedule, and a great 401K matching program.","Master’s degree with relevant experience or Bachelor’s Degree with 2 years' proven experience in business, finance, accounting, program control and/or similar industry related fields

Experience with MS Office including Excel and PowerPoint","Experience with Excel Macros, Pivot tables, VLOOKUP, and Slicer tools

Ability to work in Deltek Cobra

Ability to run SAP BW (OLAP) Queries, & ZHRAL Tables – T Codes

Candidate must gain and have an understanding of, and adherence to, company policies, procedures and internal controls

Primary Level Salary Range: $75,800.00 - $113,800.00

The above salary range represents a general guideline; however, Northrop Grumman considers a number of factors when determining base salary offers such as the scope and responsibilities of the position and the candidate's experience, education, skills and current market conditions.

Depending on the position, employees may be eligible for overtime, shift differential, and a discretionary bonus in addition to base pay. Annual bonuses are designed to reward individual contributions as well as allow employees to share in company results. Employees in Vice President or Director positions may be eligible for Long Term Incentives. In addition, Northrop Grumman provides a variety of benefits including health insurance coverage, life and disability insurance, savings plan, Company paid holidays and paid time off (PTO) for vacation and/or personal business."
R10230079,Program Cost and Schedule Control Analyst,Business Management Mult-Func,"Oklahoma City, OK, US; Oklahoma City, OK, US",hybrid,4/23/2026,https://jobs.northropgrumman.com/careers/job/1340071321800,,,"Active final adjudicated US Government Secret Clearance with the ability to transfer and maintain Secret Clearance, and program access required within a reasonable period of time, as determined by the company

Understanding of Business Systems (SAP/Cobra)

Experience in Government Contracting with Earned Value Management (EVM)

Financial forecasting experience with EVMS or government cost reporting

Proficient in Microsoft Office (Excel and PowerPoint)

Salary ranges will be dependent upon where the position is based and follows our company geographic salary bands aligned with position, as this posting may include multiple locations and provide a variety of salary ranges per location. Specific salary offer for candidate selected will be commensurate with experience and aligned with local geography.

We offer phenomenal learning opportunities, exposure to a wide variety of projects and customers, and a very friendly collaborative workplace. We are looking for self-motivated, proactive, and goal-oriented people to help us grow our services and become even better at what we do. Does this sound like you?

At Northrop Grumman, we are innovating-- building the next generation of sophisticated aircraft to protect our country. Our diverse portfolio of programs means there are endless paths to cultivate your career. We are well-known for our inclusive, family environment, as well as our excellent work/life balance. We also offer exceptional benefits/healthcare, a 9/80 schedule, and a great 401K matching program.

Primary Level Salary Range: $62,100.00 - $113,800.00

The above salary range represents a general guideline; however, Northrop Grumman considers a number of factors when determining base salary offers such as the scope and responsibilities of the position and the candidate's experience, education, skills and current market conditions.

Depending on the position, employees may be eligible for overtime, shift differential, and a discretionary bonus in addition to base pay. Annual bonuses are designed to reward individual contributions as well as allow employees to share in company results. Employees in Vice President or Director positions may be eligible for Long Term Incentives. In addition, Northrop Grumman provides a variety of benefits including health insurance coverage, life and disability insurance, savings plan, Company paid holidays and paid time off (PTO) for vacation and/or personal business."
R10226546,Maintenance Technician 3,Facilities Mult-Func,"Clearfield, UT, US",onsite,4/23/2026,https://jobs.northropgrumman.com/careers/job/1340070752645,,"High School diploma or equivalent and 4 years of experience working in the Manufacturing/Production Industry as a Maintenance Technician.Must be able to obtain and maintain DoD Security Clearance.Must be able to obtain and maintain Special Program Access (PAR).Experience with basic electrical/mechanical knowledge.Experience with; computer, math, analytical, and planning skills.

Preferred Skills and Qualifications:

Licensed Journeyman or Master Electrician.Millwright mechanic with Industrial Automation experience.Basic reading, writing, and arithmetic skills required.Electrician: Must be licensed and knowledgeable in 3 phase and single-phase power distribution systems, motor controls, wiring and troubleshooting of such systems.Working knowledge of HVAC maintenance.

Competencies for Success:

Positive individual who is willing to expand current skill set, through schooling and training.Strong interpersonal communication skills with ability to work with others at all levels of the organization.Strong attention to detail and accuracyAbility to multitask and prioritize.Ability to work independently with minimal supervision.Able to solve problems.Willingness to meet customer needs.Ability to work in a dynamic, fast-paced, diverse environment.Initiative, self-starter, adaptable, and high motivation for excellenceHigh energy, results oriented, self-motivated / self-reliant, team player.

We offer flexible work arrangements, phenomenal learning opportunities, exposure to a wide variety of projects and customers, and a very friendly team environment. We are looking for self-motivated, proactive, and goal-oriented people to help us grow our services and become even better at what we do.

At Northrop Grumman, we are on the cutting edge of innovation-- building the next generation of sophisticated aircraft to protect our country. Our diverse portfolio of programs means there are endless paths to cultivate your career. We are well-known for our inclusive, family environment, as well as our excellent work/life balance. We also offer exceptional benefits/healthcare, and a great 401K matching program.

Primary Level Salary Range: $52,700.00 - $87,900.00

The above salary range represents a general guideline; however, Northrop Grumman considers a number of factors when determining base salary offers such as the scope and responsibilities of the position and the candidate's experience, education, skills and current market conditions.

Depending on the position, employees may be eligible for overtime, shift differential, and a discretionary bonus in addition to base pay. Annual bonuses are designed to reward individual contributions as well as allow employees to share in company results. Employees in Vice President or Director positions may be eligible for Long Term Incentives. In addition, Northrop Grumman provides a variety of benefits including health insurance coverage, life and disability insurance, savings plan, Company paid holidays and paid time off (PTO) for vacation and/or personal business.",
R10230746,Maintenance Janitor Level 1 or Level 2,"Janitorial,GroundsOthCustodial","Layton, UT, US",onsite,4/23/2026,https://jobs.northropgrumman.com/careers/job/1340071472488,,,"Active DoD Secret ClearanceWorking knowledge of general aspects of the jobAbility to perform routine work with detailed instructions given for new activities or special assignments.

We offer flexible work arrangements, phenomenal learning opportunities, exposure to a wide variety of projects and customers, and a very friendly team environment. We are looking for self-motivated, proactive, and goal-oriented people to help us grow our services and become even better at what we do.

At Northrop Grumman, we are on the cutting edge of innovation-- building the next generation of sophisticated aircraft to protect our country. Our diverse portfolio of programs means there are endless paths to cultivate your career. We are well-known for our inclusive, family environment, as well as our excellent work/life balance. We also offer exceptional benefits/healthcare, and a great 401K matching program.

Primary Level Salary Range: $31,200.00 - $48,100.00

Secondary Level Salary Range: $34,300.00 - $57,100.00

The above salary range represents a general guideline; however, Northrop Grumman considers a number of factors when determining base salary offers such as the scope and responsibilities of the position and the candidate's experience, education, skills and current market conditions.

Depending on the position, employees may be eligible for overtime, shift differential, and a discretionary bonus in addition to base pay. Annual bonuses are designed to reward individual contributions as well as allow employees to share in company results. Employees in Vice President or Director positions may be eligible for Long Term Incentives. In addition, Northrop Grumman provides a variety of benefits including health insurance coverage, life and disability insurance, savings plan, Company paid holidays and paid time off (PTO) for vacation and/or personal business."
R10225090,Program Cost and Schedule Control Analyst,Business Management Mult-Func,"El Segundo, CA, US",onsite,4/23/2026,https://jobs.northropgrumman.com/careers/job/1340070498400,,"Bachelor’s degree with 2 years of relevant, professional experience, or Master’s degree of relevant, professional experience.

Proficiency with Microsoft Office Suite; Excel, Word, PowerPoint","Proficiency of the following systems or software: COBRA or similar project management software, COGNOS (SPFP - Planning Analytics), SAP Management Project Systems Module and Business Warehouse (BW)

Experience with Earned Value Management (EVM)

Active Department of Defense (DoD) Secret Clearance

We offer flexible work arrangements, phenomenal learning opportunities, exposure to a wide variety of projects and customers, and a very friendly team environment. We are looking for self-motivated, proactive, and goal-oriented people to help us grow our services and become even better at what we do.

At Northrop Grumman, we are on the cutting edge of innovation-- building the next generation of sophisticated aircraft to protect our country. Our diverse portfolio of programs means there are endless paths to cultivate your career. We are well-known for our inclusive, family environment, as well as our excellent work/life balance. We also offer exceptional benefits/healthcare, a 9/80 schedule, and a great 401K matching program.

Primary Level Salary Range: $75,800.00 - $113,800.00

The above salary range represents a general guideline; however, Northrop Grumman considers a number of factors when determining base salary offers such as the scope and responsibilities of the position and the candidate's experience, education, skills and current market conditions.

Depending on the position, employees may be eligible for overtime, shift differential, and a discretionary bonus in addition to base pay. Annual bonuses are designed to reward individual contributions as well as allow employees to share in company results. Employees in Vice President or Director positions may be eligible for Long Term Incentives. In addition, Northrop Grumman provides a variety of benefits including health insurance coverage, life and disability insurance, savings plan, Company paid holidays and paid time off (PTO) for vacation and/or personal business."
R10230739,Maintenance Janitor Level 1 or Level 2 (Second Shift),"Janitorial,GroundsOthCustodial","Layton, UT, US",onsite,4/23/2026,https://jobs.northropgrumman.com/careers/job/1340071472373,,,"Active DoD Secret ClearanceWorking knowledge of general aspects of the jobAbility to perform routine work with detailed instructions given for new activities or special assignments.

We offer flexible work arrangements, phenomenal learning opportunities, exposure to a wide variety of projects and customers, and a very friendly team environment. We are looking for self-motivated, proactive, and goal-oriented people to help us grow our services and become even better at what we do.

Our Employee Resource Groups (ERGs) provide benefits for the member, our leaders and the company. Our ERGs offer opportunities to be a friend, be active, be a volunteer, be a leader, to be recognized and to be yourself. Every ERG is inclusive of all employees!

At Northrop Grumman, we are on the cutting edge of innovation-- building the next generation of sophisticated aircraft to protect our country. Our diverse portfolio of programs means there are endless paths to cultivate your career. We are well-known for our inclusive, family environment, as well as our excellent work/life balance. We also offer exceptional benefits/healthcare, and a great 401K matching program.

Primary Level Salary Range: $31,200.00 - $48,100.00

Secondary Level Salary Range: $34,300.00 - $57,100.00

The above salary range represents a general guideline; however, Northrop Grumman considers a number of factors when determining base salary offers such as the scope and responsibilities of the position and the candidate's experience, education, skills and current market conditions.

Depending on the position, employees may be eligible for overtime, shift differential, and a discretionary bonus in addition to base pay. Annual bonuses are designed to reward individual contributions as well as allow employees to share in company results. Employees in Vice President or Director positions may be eligible for Long Term Incentives. In addition, Northrop Grumman provides a variety of benefits including health insurance coverage, life and disability insurance, savings plan, Company paid holidays and paid time off (PTO) for vacation and/or personal business."
R10222006,Program Cost and Schedule Control Analyst,Business Management Mult-Func,"Redondo Beach, CA, US",onsite,4/23/2026,https://jobs.northropgrumman.com/careers/job/1340069872237,,,"Critical thinking and analytical skills

Understanding of Government Contracting and Business Processes

Understanding of Business Systems (SAP/Cobra)

Ability to obtain a DoD Secret clearance

We offer phenomenal learning opportunities, exposure to a wide variety of projects and customers, and a very friendly collaborative workplace. We are looking for self-motivated, proactive, and goal-oriented people to help us grow our services and become even better at what we do. Does this sound like you?

At Northrop Grumman, we are innovating-- building the next generation of sophisticated aircraft to protect our country. Our diverse portfolio of programs means there are endless paths to cultivate your career. We are well-known for our inclusive, family environment, as well as our excellent work/life balance. We also offer exceptional benefits/healthcare, a 9/80 schedule, and a great 401K matching program.

Primary Level Salary Range: $75,800.00 - $113,800.00

The above salary range represents a general guideline; however, Northrop Grumman considers a number of factors when determining base salary offers such as the scope and responsibilities of the position and the candidate's experience, education, skills and current market conditions.

Depending on the position, employees may be eligible for overtime, shift differential, and a discretionary bonus in addition to base pay. Annual bonuses are designed to reward individual contributions as well as allow employees to share in company results. Employees in Vice President or Director positions may be eligible for Long Term Incentives. In addition, Northrop Grumman provides a variety of benefits including health insurance coverage, life and disability insurance, savings plan, Company paid holidays and paid time off (PTO) for vacation and/or personal business."
R10230562,Facilities Engineer - Level 2,Facilities Mult-Func,"Charlotte, NC, US",onsite,4/22/2026,https://jobs.northropgrumman.com/careers/job/1340071406708,,"Bachelor’s degree with 2 years of professional experience – OR – Master’s degree with 0 years of professional experience.   

No clearance required to start

Technical Expertise: Strong understanding of mechanical, electrical, and utility systems, including Chillers, cooling towers, HVAC and building automation systems.

Project Management: Experience in managing multiple facilities-related projects, including budgeting, scheduling, and contract administration.

Software Proficiency: Microsoft Site, project timeline and scheduling

Problem-Solving: Strong analytical and problem-solving skills to address complex facility issues and design challenges.

Communication: Excellent interpersonal and communication skills to work effectively with diverse teams and stakeholders.","A Master's degree in mechanical, electrical, civil engineering, or related field

Proficiency in using engineering and project management software tools such as AutoCAD and project scheduling software like Microsoft Project

Expertise in building automation systems (BAS) and energy management systems, with experience in optimizing these systems for operational effectiveness.

Hazardous Materials:

Hydrochloric, Sulfuric, and Phosphoric Acids; Acetone, Methanol

Curious about all the exciting developments with the Northrop Grumman Space Sector? Click the link below:

https://www.northropgrumman.com/space

Primary Level Salary Range: $79,600.00 - $119,400.00

The above salary range represents a general guideline; however, Northrop Grumman considers a number of factors when determining base salary offers such as the scope and responsibilities of the position and the candidate's experience, education, skills and current market conditions.

Depending on the position, employees may be eligible for overtime, shift differential, and a discretionary bonus in addition to base pay. Annual bonuses are designed to reward individual contributions as well as allow employees to share in company results. Employees in Vice President or Director positions may be eligible for Long Term Incentives. In addition, Northrop Grumman provides a variety of benefits including health insurance coverage, life and disability insurance, savings plan, Company paid holidays and paid time off (PTO) for vacation and/or personal business."
R10230636,Supply Chain Technical Coordinator 2 OR 3 - WEEKEND DAYS,Global Supply Chain Mult-Func,"Clearfield, UT, US",onsite,4/22/2026,https://jobs.northropgrumman.com/careers/job/1340071444723,,,"Experience in operating a forklift and other types of freight moving equipment.Experience with safely loading and unloading trucks.Experience with setting up shipments and/or coordinating with transportation brokers.Experience with classified white-glove shipping requirements.Experience with using an MRP system for storing and issuing inventory.Previous experience with inventory with shelf life and/or out-time controls.Experienced user of MS Office computer programs to accomplish reports, logs, and briefings.Hazmat training and experience is highly desired.

Primary Level Salary Range: $19.57 - $32.64

Secondary Level Salary Range: $23.27 - $38.75

The above salary range represents a general guideline; however, Northrop Grumman considers a number of factors when determining base salary offers such as the scope and responsibilities of the position and the candidate's experience, education, skills and current market conditions.

Depending on the position, employees may be eligible for overtime, shift differential, and a discretionary bonus in addition to base pay. Annual bonuses are designed to reward individual contributions as well as allow employees to share in company results. Employees in Vice President or Director positions may be eligible for Long Term Incentives. In addition, Northrop Grumman provides a variety of benefits including health insurance coverage, life and disability insurance, savings plan, Company paid holidays and paid time off (PTO) for vacation and/or personal business."
R10230635,Supply Chain Technical Coordinator 2 OR 3 - A SHIFT,Global Supply Chain Mult-Func,"Clearfield, UT, US",onsite,4/22/2026,https://jobs.northropgrumman.com/careers/job/1340071443678,,,"Experience in operating a forklift and other types of freight moving equipment.Experience with safely loading and unloading trucks.Experience with setting up shipments and/or coordinating with transportation brokers.Experience with classified white-glove shipping requirements.Experience with using an MRP system for storing and issuing inventory.Previous experience with inventory with shelf life and/or out-time controls.Experienced user of MS Office computer programs to accomplish reports, logs, and briefings.Hazmat training and experience is highly desired.

Primary Level Salary Range: $19.57 - $32.64

Secondary Level Salary Range: $23.27 - $38.75

The above salary range represents a general guideline; however, Northrop Grumman considers a number of factors when determining base salary offers such as the scope and responsibilities of the position and the candidate's experience, education, skills and current market conditions.

Depending on the position, employees may be eligible for overtime, shift differential, and a discretionary bonus in addition to base pay. Annual bonuses are designed to reward individual contributions as well as allow employees to share in company results. Employees in Vice President or Director positions may be eligible for Long Term Incentives. In addition, Northrop Grumman provides a variety of benefits including health insurance coverage, life and disability insurance, savings plan, Company paid holidays and paid time off (PTO) for vacation and/or personal business."
R10230011,Manufacturing Scheduler 3,Manufacturing and Production,"Waynesboro, VA, US",onsite,4/22/2026,https://jobs.northropgrumman.com/careers/job/1340071319431,,,"Bachelor’s degree with at least 1 year of experience in manufacturing, planning, scheduling, purchasing or manufacturing engineering

SAP or similar ERP software experience

Manufacturing workflow and MRP systems experience

Current active DoD Secret Security clearance/SAP clearance

What We Can Offer You:
Northrop Grumman provides a comprehensive benefits package and a work environment which encourages your growth and supports the mutual success of our people and our company. Northrop Grumman benefits give you the flexibility and control to choose the benefits that make the most sense for you and your family.

Your benefits will include the following: Health Plan, Savings Plan, Paid Time Off and Additional Benefits including Education Assistance, Training and Development, 9/80 Work Schedule (where available), and much more!

Primary Level Salary Range: $52,700.00 - $87,900.00

The above salary range represents a general guideline; however, Northrop Grumman considers a number of factors when determining base salary offers such as the scope and responsibilities of the position and the candidate's experience, education, skills and current market conditions.

Depending on the position, employees may be eligible for overtime, shift differential, and a discretionary bonus in addition to base pay. Annual bonuses are designed to reward individual contributions as well as allow employees to share in company results. Employees in Vice President or Director positions may be eligible for Long Term Incentives. In addition, Northrop Grumman provides a variety of benefits including health insurance coverage, life and disability insurance, savings plan, Company paid holidays and paid time off (PTO) for vacation and/or personal business."
R10227183,Power Systems Engineer 2/3,Material/Process,"Magna, UT, US",onsite,4/22/2026,https://jobs.northropgrumman.com/careers/job/1340070840213,,"Level 2

   Bachelor’s degree in a STEM field and 2 years of industrial facility or mechanical design experienceOR 0 years with Masters

Industrial process equipment and facility design Experience designing low- and medium-voltage power systems Working knowledge of PLCs (including Allen-Bradley and Rockwell software)Ability to read and interpret electrical drawings.Ability to work in field environments, including climbing ladders, working outdoors, and in confined or congested spacesLevel 3

   Bachelor’s degree in STEM  5 years or 3 years with Master's industrial facility mechanical design experience Industrial process equipment and facility design  Experience designing low- and medium-voltage power systems Working knowledge of PLCs (including Allen-Bradley and Rockwell software)Ability to read and interpret electrical drawings.Ability to  work in field environments, including climbing ladders, working outdoors, and in confined or congested spacesPreferred Requirements: 

BS in Electrical Engineering

Power system design experience

Industrial control design experience

Excellent communication skills.

AutoCAD drafting ability

PLC systems and programming experience

Primary Level Salary Range: $79,300.00 - $118,900.00

Secondary Level Salary Range: $98,400.00 - $147,600.00

The above salary range represents a general guideline; however, Northrop Grumman considers a number of factors when determining base salary offers such as the scope and responsibilities of the position and the candidate's experience, education, skills and current market conditions.

Depending on the position, employees may be eligible for overtime, shift differential, and a discretionary bonus in addition to base pay. Annual bonuses are designed to reward individual contributions as well as allow employees to share in company results. Employees in Vice President or Director positions may be eligible for Long Term Incentives. In addition, Northrop Grumman provides a variety of benefits including health insurance coverage, life and disability insurance, savings plan, Company paid holidays and paid time off (PTO) for vacation and/or personal business.",
R10228619,Supply Chain Technical Coordinator 2 OR 3 - B SHIFT,Global Supply Chain Mult-Func,"Clearfield, UT, US",onsite,4/22/2026,https://jobs.northropgrumman.com/careers/job/1340071232534,,,"Experience in operating a forklift and other types of freight moving equipment.Experience with safely loading and unloading trucks.Experience with setting up shipments and/or coordinating with transportation brokers.Experience with classified white-glove shipping requirements.Experience with using an MRP system for storing and issuing inventory.Previous experience with inventory with shelf life and/or out-time controls.Experienced user of MS Office computer programs to accomplish reports, logs, and briefings.Hazmat training and experience is highly desired.

Primary Level Salary Range: $19.57 - $32.64

Secondary Level Salary Range: $23.27 - $38.75

The above salary range represents a general guideline; however, Northrop Grumman considers a number of factors when determining base salary offers such as the scope and responsibilities of the position and the candidate's experience, education, skills and current market conditions.

Depending on the position, employees may be eligible for overtime, shift differential, and a discretionary bonus in addition to base pay. Annual bonuses are designed to reward individual contributions as well as allow employees to share in company results. Employees in Vice President or Director positions may be eligible for Long Term Incentives. In addition, Northrop Grumman provides a variety of benefits including health insurance coverage, life and disability insurance, savings plan, Company paid holidays and paid time off (PTO) for vacation and/or personal business."
R10230642,Drafter/Designer,Tech Support Mult-Func,"Rocket Center, WV, US",onsite,4/22/2026,https://jobs.northropgrumman.com/careers/job/1340071456749,"As a Facilities Drafter/Designer your responsibilities will be to fully define components and assemblies efficiently using AutoCAD, and create/revise parametric drawings in conformance with ASME modeling and drawing standards. You will work with various engineering disciplines to accomplish assigned tasks.  Responsibilities include, but are not limited to:

Accept work direction from other drafters/designers, engineers, and manager on assigned projects.Work from rough engineering notes, drawings, sketches and general instructions to create facility/equipment designs and layouts.Design minor components or portions of major systems and modify existing designs to develop or improve products and facilitate manufacturing operations.Complete extensive 3-D modeling of architectural, electrical, structural, mechanical, HVAC, and piping systems in AutoCAD.Create/revise parametric drawings in conformance with drawing standards.Review work to ensure accuracy and completeness on schedule and budget.Proficient computer skills to improve data entry task is a plus.Required Skills:

HS diploma or equivalent required.  Associate’s Degree in formal educational program in Mechanical Drafting/Design/CAD or Technical design preferred.0 - 2 years minimum CAD experience, experience with AutoCAD and Microstation a plus.Ability to parametrically model fully defined components and assemblies efficiently.Ability to create/update associative drawings in conformance with ASME drawing standards.Familiar with Geometric Dimensioning & Tolerancing and ASME Y14.5M.Microsoft Office experience.US Citizen and ability to obtain a clearance.Good written and verbal communication skills.Ability to work independently as well as in a team environment.Strong mechanical skills.Good business ethics, personal organization and trustworthiness.Strong willingness and ability to learn.Strong interpersonal, analytical, problem solving, and time management skills.Candidate must be comfortable working extended periods of time at a workstation.Candidate must be comfortable working on a construction site.

Intermediate Level Drafter/Designer (Designer 2)

As a Facilities Drafter/Designer your responsibilities will be to fully defined components and assemblies efficiently using AutoCAD, and create/revise parametric drawings in conformance with ASME modeling and drawing standards. You will work with various engineering disciplines to accomplish assigned tasks.  Responsibilities include, but are not limited to:

Accept work direction from other drafters/designers, engineers, and manager on assigned projects.Work from rough engineering notes, drawings, sketches and general instructions to create facility/equipment designs and layouts.Design minor components or portions of major systems and modify existing designs to develop or improve products and facilitate manufacturing operations.Complete extensive 3-D modeling of architectural, electrical, structural, mechanical, HVAC, and piping systems in AutoCAD.Create/revise parametric drawings in conformance with ASME 3D modeling and drawing standards.Review work to ensure accuracy and completeness on schedule and budget.Check designs for fit, function, manufacturability, and economical fabrication.Required Skills:

HS diploma or equivalent required.  Associate’s Degree in formal educational program in Mechanical Drafting/Design/CAD or Technical design preferred.2 years minimum CAD experience, experience with AutoCAD Inventor and Microstation a plus.Ability to parametrically model fully defined components and assemblies efficiently.Ability to create/update associative drawings in conformance with ASME and drawing standards.Knowledgeable in Geometric Dimensioning & Tolerancing and ASME Y14.5M.Microsoft Office experience.US Citizen and ability to obtain a clearance.Good written and verbal communication skills.Ability to work independently as well as in a team environment.Very strong mechanical skills.Strong business ethics, personal organization and trustworthiness.Strong willingness and ability to learn.Strong interpersonal, analytical, problem solving, and time management skills.Candidate must be comfortable working extended periods of time at a workstation.Candidate must be comfortable working on a construction site.

Primary Level Salary Range: $44,400.00 - $74,000.00

Secondary Level Salary Range: $52,700.00 - $87,900.00

The above salary range represents a general guideline; however, Northrop Grumman considers a number of factors when determining base salary offers such as the scope and responsibilities of the position and the candidate's experience, education, skills and current market conditions.

Depending on the position, employees may be eligible for overtime, shift differential, and a discretionary bonus in addition to base pay. Annual bonuses are designed to reward individual contributions as well as allow employees to share in company results. Employees in Vice President or Director positions may be eligible for Long Term Incentives. In addition, Northrop Grumman provides a variety of benefits including health insurance coverage, life and disability insurance, savings plan, Company paid holidays and paid time off (PTO) for vacation and/or personal business.",,
R10224694,(Skillbridge) Engineering Technician 2,Tech Support Mult-Func,"Gilbert, AZ, US",onsite,4/21/2026,https://jobs.northropgrumman.com/careers/job/1340070441391,,"High School Diploma and 2 years of related experience as a Electrical, Mechanical, or equivalent.Must have the ability to obtain and maintain a DoD government clearance. active and current DoD Top Secret clearance with SCI or SAP/SAR access during the time of application.Proficiency in Microsoft Office Suite (Excel, Word, PowerPoint, Visio).Hands-on experience with aerospace or related equipment, harness build and installation methods.Knowledge of electrical measurements (AC/DC, resistance), voltage circuitry, and troubleshooting techniques.Understanding of clean room operations and spacecraft handling protocols.Ability to lift and position objects weighing up to 50 pounds.Ability to work flexible shifts, including 2nd and 3rd shift schedules, weekends, and overtime as needed.","A&P License.Flight hardware integration and spacecraft processing experience.Certifications in flight wire harnessing, flight soldering, and epoxy bonding.Familiarity with EGSE processes, test procedures, and troubleshooting support equipment.Aerospace/Satellite Integration & Test experience.This role is ideal for candidates seeking to grow in electro-mechanical and aerospace system integration within a dynamic and high-stakes environment.

Primary Level Salary Range: $1.00 - $2.00

The above salary range represents a general guideline; however, Northrop Grumman considers a number of factors when determining base salary offers such as the scope and responsibilities of the position and the candidate's experience, education, skills and current market conditions.

Depending on the position, employees may be eligible for overtime, shift differential, and a discretionary bonus in addition to base pay. Annual bonuses are designed to reward individual contributions as well as allow employees to share in company results. Employees in Vice President or Director positions may be eligible for Long Term Incentives. In addition, Northrop Grumman provides a variety of benefits including health insurance coverage, life and disability insurance, savings plan, Company paid holidays and paid time off (PTO) for vacation and/or personal business."
R10230378,Supply Chain Technical Coordinator 2 - 16079 & 14584 -1,Global Supply Chain Mult-Func,"Ogden, UT, US",onsite,4/21/2026,https://jobs.northropgrumman.com/careers/job/1340071371765,,,
R10230169,Process Equipment & Facilities Engineer 1/2,Facilities Mult-Func,"Santa Rosa, CA, US",onsite,4/21/2026,https://jobs.northropgrumman.com/careers/job/1340071369855,"Create, update, and archive detailed maintenance procedures, system configurations, and repair logs.Size, install, and troubleshoot 120 V‑480 V circuits, distribution panels, and related infrastructure for both building systems and vacuum equipment.Perform preventive and corrective maintenance on vacuum chambers, pumps, and associated electromechanical components; conduct calibrations and performance checks.Assist with troubleshooting, problem analysis, and data collection.Flexibility in schedule: Ability to work flexible, changing shifts, including weekendsAdhere to all required Personal Protective Equipment (PPE) and safety guidelines and regulationsWork and communicate over ambient noiseWork in a variety of work spaces/positions, such as ceilings/roofs. Work spaces may include but are not limited to small, enclosed spaces, awkward, and elevated spaces. Positions may include bending, twisting, kneeling, crawling, ascending/descending ladders, and/or working overhead.Plans, designs and oversees the reconfiguration, maintenance, and alteration of equipment, machinery, buildings, structures, and other facilities.Gathers and reviews data concerning facility or equipment specifications, company or government restrictions, required completion date, and construction feasibility.Inspects or directs the inspection of construction and installation progress to ensure conformance to established drawings, specifications, and schedules.​

We offer flexible work arrangements, 9/80 work schedule with every other Friday off, phenomenal learning opportunities, and exposure to a wide variety of projects and customers, and a very friendly team environment. We are looking for self-motivated, proactive, and goal-oriented people to help us grow our services and become even better at what we do.

This requisition may be filled at either an Associate Engineer Facilities (Level 1)/ Engineer Facilities (Level 2) based on the qualifications below.","Associate Facilities Engineer (Level 1): 

Bachelors of Science degree in a STEM discipline (Science, Technology, Engineering or Math) and related professional/military experience Experience working as an electrical/facilities/maintenance technician.Knowledge of general maintenance processes and methods.Working knowledge of tools, common appliances and devices, which would include various hardware components, fasteners, and installation techniques for electrical, mechanical, and HVAC systems.Flexibility in schedule: Ability to work flexible, changing shifts, including weekends as business requires.Ability to frequently lift and maneuver objects weighing to 50 lbs. independently.Able to prioritize and adjust tasks to accomplish the project result.Ability to communicating and working in and around ambient noise in an office and industrial environment.Able to work in both external and internal environmental conditions.Ability to work in areas that could cause various phobias such as heights or close spaces.Ability to handle and assemble small parts.Ability to obtain and maintain a Secret level DOD security clearance (U.S. citizenship is a pre-requisite) as well as Special Access Program (SAP) within a reasonable period of time, as determined by the company to meet its business needs.

Facilities Engineer (Level 2):

Bachelors of Science degree in a STEM discipline and 2 or more years of related professional/military experience OR a Masters of Science degree in a STEM discipline and related professional/military experience.Related experience working as an electrical/facilities/maintenance technician.Knowledge of general maintenance processes and methods.Working knowledge of tools, common appliances and devices, which would include various hardware components, fasteners, and installation techniques for electrical, mechanical, and HVAC systems.Flexibility in schedule: Ability to work flexible, changing shifts, including weekends as business requires.Ability to frequently lift and maneuver objects weighing to 50 lbs. independently.Able to prioritize and adjust tasks to accomplish the project result.Ability to communicating and working in and around ambient noise in an office and industrial environment.Able to work in both external and internal environmental conditions.Ability to work in areas that could cause various phobias such as heights or close spaces.Ability to handle and assemble small parts.Ability to obtain and maintain a Secret level DOD security clearance (U.S. citizenship is a pre-requisite) as well as Special Access Program (SAP) within a reasonable period of time, as determined by the company to meet its business needs.","Understanding of vacuum, hydraulic and other systems.Manual dexterity and problem-solving skills.Experience working in an Industrial Environment.Experience sizing and installing electrical circuits and infrastructure.Understanding of thin film optical coating machines.Roughing and HV pumpsProgrammable logic controllers (PLC)Electrical and electronic controlsMachine shop equipmentComputer programs including AutoCAD, Microsoft Office, etc.Forklift and scissor lift operatorHVAC experienceExperience with variable frequency drivesUnderstanding of pump and water systems

What We Offer:

At Northrop Grumman, we are on the cutting edge of innovation -- building the next generation of sophisticated aircraft to protect our country. Our diverse portfolio of programs means there are endless paths to cultivate your career. We are well-known for our inclusive, family environment, phenomenal learning opportunities, and exposure to a wide variety of projects and customers. We also offer exceptional benefits/healthcare, a great 401K matching program, and 14 Employee Resource Groups inclusive of all employees!

Primary Level Salary Range: $69,400.00 - $104,000.00

Secondary Level Salary Range: $83,400.00 - $125,200.00

The above salary range represents a general guideline; however, Northrop Grumman considers a number of factors when determining base salary offers such as the scope and responsibilities of the position and the candidate's experience, education, skills and current market conditions.

Depending on the position, employees may be eligible for overtime, shift differential, and a discretionary bonus in addition to base pay. Annual bonuses are designed to reward individual contributions as well as allow employees to share in company results. Employees in Vice President or Director positions may be eligible for Long Term Incentives. In addition, Northrop Grumman provides a variety of benefits including health insurance coverage, life and disability insurance, savings plan, Company paid holidays and paid time off (PTO) for vacation and/or personal business."
R10230426,Electrical Engineer level 1/2,Electrical,"Rocket Center, WV, US",onsite,4/21/2026,https://jobs.northropgrumman.com/careers/job/1340071373156,,,"MS Degree in Electrical EngineeringExperience with RF and digital signal processing design and implementationExperience with AltiumExperience developing digital electronic modules, circuit boards, ASICs and/or FPGAs for aerospace/military applicationsExperience with ​DoD architectures (e.g. SOSA, OMS) and Industry/Military Standards (e.g. MIL-STD-810, MIL-STD-704)ACTIVE US Security Clearance at Secret level or higher

Primary Level Salary Range: $65,800.00 - $98,800.00

Secondary Level Salary Range: $79,300.00 - $118,900.00

The above salary range represents a general guideline; however, Northrop Grumman considers a number of factors when determining base salary offers such as the scope and responsibilities of the position and the candidate's experience, education, skills and current market conditions.

Depending on the position, employees may be eligible for overtime, shift differential, and a discretionary bonus in addition to base pay. Annual bonuses are designed to reward individual contributions as well as allow employees to share in company results. Employees in Vice President or Director positions may be eligible for Long Term Incentives. In addition, Northrop Grumman provides a variety of benefits including health insurance coverage, life and disability insurance, savings plan, Company paid holidays and paid time off (PTO) for vacation and/or personal business."
R10230429,Engineer Electromechanical,Electrical,"Rocket Center, WV, US",onsite,4/21/2026,https://jobs.northropgrumman.com/careers/job/1340071373243,,,"MS Degree in Electrical Engineering or Mechanical Engineering

Experience with RF and digital signal processing design and implementation

Experience with Altium

Experience developing digital electronic modules, circuit boards, ASICs and/or FPGAs for aerospace/military applications

Experience with ​DoD architectures (e.g. SOSA, OMS) and Industry/Military Standards (e.g. MIL-STD-810, MIL-STD-704)

ACTIVE US Security Clearance at Secret level or higher

Primary Level Salary Range: $79,300.00 - $118,900.00

The above salary range represents a general guideline; however, Northrop Grumman considers a number of factors when determining base salary offers such as the scope and responsibilities of the position and the candidate's experience, education, skills and current market conditions.

Depending on the position, employees may be eligible for overtime, shift differential, and a discretionary bonus in addition to base pay. Annual bonuses are designed to reward individual contributions as well as allow employees to share in company results. Employees in Vice President or Director positions may be eligible for Long Term Incentives. In addition, Northrop Grumman provides a variety of benefits including health insurance coverage, life and disability insurance, savings plan, Company paid holidays and paid time off (PTO) for vacation and/or personal business."
R10229703,Maintenance Technician 2/3,Facilities Mult-Func,"Santa Rosa, CA, US",onsite,4/21/2026,https://jobs.northropgrumman.com/careers/job/1340071370206,"Performs repairs and maintenance in plant or office facilities, or on machines and equipment.Typically performs work in one or more of the maintenance trades: carpentry, plumbing, painting, machine and equipment repair, electrical, sheet metal fabrication, and welding.Conducts routine, periodic, or special inspections to determine repair and maintenance work necessary to prevent breakdowns of facilities, machinery, and equipment.Uses hand and power tools.Tests, inspects, troubleshoots, and repairs machines and equipment.Uses blueprints, sketches, layouts, wiring diagrams, drawings, and specifications.Work in a variety of work spaces/positions, such as ceilings/roofs. Work spaces may include but are not limited to small, enclosed spaces, awkward, and elevated spaces. Positions may include bending, twisting, kneeling, crawling, ascending/descending ladders, and/or working overhead.

Adhere to all required Personal Protective Equipment (PPE) and safety guidelines and regulations

Work and communicate over ambient noise

We offer flexible work arrangements, 5/8 work schedule Monday through Friday, phenomenal learning opportunities, and exposure to a wide variety of projects and customers, and a very friendly team environment. We are looking for self-motivated, proactive, and goal-oriented people to help us grow our services and become even better at what we do.

This requisition may be filled at Maintenance Technician 2 or 3 based on qualifications listed below:

Basic Qualifications Maintenance Technician 2: 

High School Diploma or GED and a minimum 2 years’ related experience working as a electrical/facilities/maintenance technician.

Experience of vacuum, electrical, hydraulic and other systems.

Knowledge of general maintenance processes and methods.

Working knowledge of tools, common appliances and devices, which would include various hardware components, fasteners, and installation techniques for electrical, mechanical, and HVAC systems.

Knowledge of electrical skills (installation, troubleshooting, specifying, etc.)

Flexibility in schedule: Ability to work flexible, changing shifts, including weekends as business requires.

Ability to frequently lift and maneuver objects weighing to 50 lbs. independently.

Able to prioritize and adjust tasks to accomplish the project result.

Ability to communicating and working in and around ambient noise in an office and industrial environment.

Able to work in both external and internal environmental conditions.

Ability to work in areas that could cause various phobias such as heights or close spaces.

Ability to handle and assemble small parts.

Ability to obtain and maintain a Secret level DOD security clearance (U.S. citizenship is a pre-requisite) as well as Special Access Program (SAP) within a reasonable period of time, as determined by the company to meet its business needs.

Basic Qualifications Maintenance Technician 3: 

High School Diploma or GED and a minimum 4 years’ related experience working as a electrical/facilities/maintenance technician.

Experience of vacuum, electrical, hydraulic and other systems.

Knowledge of general maintenance processes and methods.

Working knowledge of tools, common appliances and devices, which would include various hardware components, fasteners, and installation techniques for electrical, mechanical, and HVAC systems.

Knowledge of electrical skills (installation, troubleshooting, specifying, etc.)

Flexibility in schedule: Ability to work flexible, changing shifts, including weekends as business requires.

Ability to frequently lift and maneuver objects weighing to 50 lbs. independently.

Able to prioritize and adjust tasks to accomplish the project result.

Ability to communicating and working in and around ambient noise in an office and industrial environment.

Able to work in both external and internal environmental conditions.

Ability to work in areas that could cause various phobias such as heights or close spaces.

Ability to handle and assemble small parts.

Ability to obtain and maintain a Secret level DOD security clearance (U.S. citizenship is a pre-requisite) as well as Special Access Program (SAP) within a reasonable period of time, as determined by the company to meet its business needs.",,"An AA degree in mechanical, electrical or industrial maintenance

Knowledge of thin film optical coating machines.

Familiarity with Programmable Logic Controller and Human Machine Interface (PLC/HMI)

Active DoD Secret clearance

What We Offer:

At Northrop Grumman, we are on the cutting edge of innovation -- building the next generation of sophisticated aircraft to protect our country. Our diverse portfolio of programs means there are endless paths to cultivate your career. We are well-known for our inclusive, family environment, phenomenal learning opportunities, and exposure to a wide variety of projects and customers. We also offer exceptional benefits/healthcare, a great 401K matching program, and 14 Employee Resource Groups inclusive of all employees!

Primary Level Salary Range: $51,400.00 - $85,600.00

Secondary Level Salary Range: $61,100.00 - $101,800.00

The above salary range represents a general guideline; however, Northrop Grumman considers a number of factors when determining base salary offers such as the scope and responsibilities of the position and the candidate's experience, education, skills and current market conditions.

Depending on the position, employees may be eligible for overtime, shift differential, and a discretionary bonus in addition to base pay. Annual bonuses are designed to reward individual contributions as well as allow employees to share in company results. Employees in Vice President or Director positions may be eligible for Long Term Incentives. In addition, Northrop Grumman provides a variety of benefits including health insurance coverage, life and disability insurance, savings plan, Company paid holidays and paid time off (PTO) for vacation and/or personal business."
R10223350,GNC Engineer: Modeling Sim. & Analysis – Level 2 or 3 (Chandler),Systems/Architecture/Test,"Chandler, AZ, US",onsite,4/20/2026,https://jobs.northropgrumman.com/careers/job/1340070156308,,,"Bachelor’s in Aerospace, Mechanical, or Electrical EngineeringMaster’s in Aerospace, Mechanical, or Electrical EngineeringFamiliarity with rocket motor propelled vehicle trajectory design and customer provided requirement analysis in a flight software in simulation environment.Experience with autopilot and guidance algorithm design and navigation and actuator subsystemsExperience with Simulink and the Linux operating systemActive DoD Secret security clearance or higher

Curious about all the exciting developments with the Northrop Grumman Space Sector? Click the link below:

https://www.northropgrumman.com/space

Working at Northrop Grumman is more than just a paycheck. We offer a comprehensive Total Rewards and benefits package designed to help you thrive at work and in life. For more information on our Total Rewards package, please visit our Total Rewards site.

Northrop Grumman Total Rewards 

Primary Level Salary Range: $77,200.00 - $115,800.00

Secondary Level Salary Range: $95,300.00 - $142,900.00

The above salary range represents a general guideline; however, Northrop Grumman considers a number of factors when determining base salary offers such as the scope and responsibilities of the position and the candidate's experience, education, skills and current market conditions.

Depending on the position, employees may be eligible for overtime, shift differential, and a discretionary bonus in addition to base pay. Annual bonuses are designed to reward individual contributions as well as allow employees to share in company results. Employees in Vice President or Director positions may be eligible for Long Term Incentives. In addition, Northrop Grumman provides a variety of benefits including health insurance coverage, life and disability insurance, savings plan, Company paid holidays and paid time off (PTO) for vacation and/or personal business."
R10222762,Program Cost Control Analyst - Level 2,Business Management Mult-Func,"Commerce, CA, US",onsite,4/20/2026,https://jobs.northropgrumman.com/careers/job/1340069980388,,Bachelor’s degree with 2+ years of stated professional experience – OR – Master’s degreeWill consider an additional 4+ years of stated experience in lieu of degreeExperience with financial analysis or reporting Earned Value Management (EVM) experienceExperience with MS Office Suite No clearance required to start,"Degree in Finance, Economics, Accounting or Business Administration Defense industry experience Military Leadership Experience  Program Cost Control experience Experience with FAR/DFAR Experience with Costpoint, Cobra, Primavera or SAP Must have the ability to obtain and maintain a U.S. Government DoD security clearance (Secret, Top-Secret, etc.)

About Business Management: Lead pivotal financial strategies, shaping the success of our operations with your expertise. Make an impact where it counts!

Curious about all the exciting developments with the Northrop Grumman Space Sector? Click the link below:

https://www.northropgrumman.com/space

Primary Level Salary Range: $75,800.00 - $113,800.00

The above salary range represents a general guideline; however, Northrop Grumman considers a number of factors when determining base salary offers such as the scope and responsibilities of the position and the candidate's experience, education, skills and current market conditions.

Depending on the position, employees may be eligible for overtime, shift differential, and a discretionary bonus in addition to base pay. Annual bonuses are designed to reward individual contributions as well as allow employees to share in company results. Employees in Vice President or Director positions may be eligible for Long Term Incentives. In addition, Northrop Grumman provides a variety of benefits including health insurance coverage, life and disability insurance, savings plan, Company paid holidays and paid time off (PTO) for vacation and/or personal business."
R10223172,Program Cost Control Analyst - Level 2,Business Management Mult-Func,"Redondo Beach, CA, US",onsite,4/17/2026,https://jobs.northropgrumman.com/careers/job/1340070126436,,"Bachelor’s degree with 2+ years of stated professional experience – OR – Master’s degreeWill consider an additional 4+ years of stated experience in lieu of degreeExperience with financial analysis or reporting Experience with Costpoint, Cobra or SAP Experience with MS Office Suite No clearance required to start","Degree in Finance, Economics, Accounting or Business Administration Defense industry experience Military Leadership Experience  Program Cost Control experienceExperience with FAR/DFAR Experience with Costpoint, Cobra, Primavera or SAP Must have the ability to obtain and maintain a U.S. Government DoD security clearance (Secret, Top-Secret, etc.)Earned Value Management (EVM) experienceExperience setting up and maintaining Inter Company Work Orders (IWOs)

About Business Management: Lead pivotal financial strategies, shaping the success of our operations with your expertise. Make an impact where it counts!

Curious about all the exciting developments with the Northrop Grumman Space Sector? Click the link below:

https://www.northropgrumman.com/space

Primary Level Salary Range: $75,800.00 - $113,800.00

The above salary range represents a general guideline; however, Northrop Grumman considers a number of factors when determining base salary offers such as the scope and responsibilities of the position and the candidate's experience, education, skills and current market conditions.

Depending on the position, employees may be eligible for overtime, shift differential, and a discretionary bonus in addition to base pay. Annual bonuses are designed to reward individual contributions as well as allow employees to share in company results. Employees in Vice President or Director positions may be eligible for Long Term Incentives. In addition, Northrop Grumman provides a variety of benefits including health insurance coverage, life and disability insurance, savings plan, Company paid holidays and paid time off (PTO) for vacation and/or personal business."
R10226160,Milling Machine Machinist Level 2/3,Manufacturing and Production,"Iuka, MS, US",onsite,4/17/2026,https://jobs.northropgrumman.com/careers/job/1340070689515,,"Milling Machinist Level 2:

High School diploma or equivalent and 2 years additional education and/or related experience

Experience in Mastercam programming for milling and turning

Experience with drawings/solid models.

Ability to obtain and maintain DoD Clearance per company and or business needs.

Ability to obtain and maintain Special Program Access (PAR) per company and or business needs.

US Citizenship

Must be able to lift & carry 50 pounds and stand for 4 hours at a time

Milling Machinist Level 3:

High School diploma or equivalent and 4 years additional education and/or related experience.

Experience in Mastercam programming for milling and turning.

Experience with drawings/solid models.

Ability to obtain and maintain DoD Clearance per company and or business needs.

Ability to obtain and maintain Special Program Access (PAR) per company and or business needs.

4 years’ experience working in a machine shop

US Citizenship

Must be able to lift & carry 50 pounds and stand for 4 hours at a time","Advanced proficiency in Mastercam programming for milling and turning.

4 years’ experience working in a machine shop

Strong working knowledge of Haas controls (NextGen or Classic).

Demonstrated ability to design and fabricate custom fixtures and tooling.

Deep understanding of feeds, speeds, cutter geometry, and material behavior.

Capable of performing setups, first articles, and in-process inspections independently.

Strong problem-solving, troubleshooting, and planning skills.

Associate’s degree or vocational certificate in machining, manufacturing technology, or related field.

Background in aerospace, tooling, or high-precision prototype manufacturing.

Experience with 4th/5th-axis machining, setup documentation, and digital manufacturing workflows.

Familiarity with inspection tools, CMM processes, or laser tracker systems.

Work Environment

Fast-paced, high-mix, low-volume environment supporting aerospace tool fabrication and flight hardware assembly. Machinists are trusted to take ownership of their projects and deliver precision results that directly support production and test operations.

Primary Level Salary Range: $42,100.00 - $70,100.00

Secondary Level Salary Range: $50,000.00 - $83,300.00

The above salary range represents a general guideline; however, Northrop Grumman considers a number of factors when determining base salary offers such as the scope and responsibilities of the position and the candidate's experience, education, skills and current market conditions.

Depending on the position, employees may be eligible for overtime, shift differential, and a discretionary bonus in addition to base pay. Annual bonuses are designed to reward individual contributions as well as allow employees to share in company results. Employees in Vice President or Director positions may be eligible for Long Term Incentives. In addition, Northrop Grumman provides a variety of benefits including health insurance coverage, life and disability insurance, savings plan, Company paid holidays and paid time off (PTO) for vacation and/or personal business."
R10229764,Engineer Software,Software,"Warner Robins, GA, US",onsite,4/17/2026,https://jobs.northropgrumman.com/careers/job/1340071298321,,"Bachelor’s Degree in Computer Science, Software Engineering, Electrical Engineering, or Computer Engineering from an accredited university with at least 2-years of systems or software engineering experience OR a master’s degree in one of the above listed majors OR a PhD in one of the above listed majors.

Will consider 4 additional years of related experience for candidates without a Bachelor's Degree in Computer Science, Software Engineer, Electrical Engineering, or Computer Engineering.

Proficient in C/C++ software developmentExperience with Red Hat Enterprise Linux

Experience with Qt Integrated Development Environment

Ability to efficiently operate in a fast-paced team in a customer-driven environment

Must currently hold or be able to obtain and maintain a U.S Department of Defense (DoD) Secret level security clearance within a reasonable amount of time as determined by the company to meet its business needs","Experience with development in the VxWorks environment

Experience developing custom displays and user interfaces

Experience with embedded software development, integration and testing

Experience developing and deploying software on FPGA platforms with embedded ARM cores

Familiarity with containerization applications

Familiarity with emulation of embedded processor systems

Familiarity with Electronic Warfare (EW) and radar principles

Familiarity with software configuration management tools (JIRA, GitLab.)

Familiarity with integration of avionics interfaces (Ethernet, MIL-STD-1553B, ARINC-429, etc.)

Active Secret Security Clearance

Primary Level Salary Range: $79,300.00 - $118,900.00

The above salary range represents a general guideline; however, Northrop Grumman considers a number of factors when determining base salary offers such as the scope and responsibilities of the position and the candidate's experience, education, skills and current market conditions.

Depending on the position, employees may be eligible for overtime, shift differential, and a discretionary bonus in addition to base pay. Annual bonuses are designed to reward individual contributions as well as allow employees to share in company results. Employees in Vice President or Director positions may be eligible for Long Term Incentives. In addition, Northrop Grumman provides a variety of benefits including health insurance coverage, life and disability insurance, savings plan, Company paid holidays and paid time off (PTO) for vacation and/or personal business."
R10229762,Engineer Software,Software,"Warner Robins, GA, US",onsite,4/16/2026,https://jobs.northropgrumman.com/careers/job/1340071298302,,"Bachelor’s Degree in Computer Science, Software Engineering, Electrical Engineering, or Computer Engineering from an accredited university with at least 2-years of systems or software engineering experience OR a master’s degree in one of the above listed majors OR a PhD in one of the above listed majors.

Will consider 4 additional years of related experience for candidates without a Bachelor's Degree in Computer Science, Software Engineer, Electrical Engineering, or Computer Engineering.

Proficient in C/C++ software development

Experience with Red Hat Enterprise Linux

Experience with Qt Integrated Development Environment

Ability to efficiently operate in a fast-paced team in a customer-driven environment

Must currently hold or be able to obtain and maintain a U.S Department of Defense (DoD) Secret level security clearance within a reasonable amount of time as determined by the company to meet its business needs","Experience with development in the VxWorks environment

Experience developing custom displays and user interfaces

Experience with embedded software development, integration and testing

Experience developing and deploying software on FPGA platforms with embedded ARM cores

Familiarity with containerization applications

Familiarity with emulation of embedded processor systems

Familiarity with Electronic Warfare (EW) and radar principles

Familiarity with software configuration management tools (JIRA, GitLab.)

Familiarity with integration of avionics interfaces (Ethernet, MIL-STD-1553B, ARINC-429, etc.)

Active Secret Security Clearance

Primary Level Salary Range: $79,300.00 - $118,900.00

The above salary range represents a general guideline; however, Northrop Grumman considers a number of factors when determining base salary offers such as the scope and responsibilities of the position and the candidate's experience, education, skills and current market conditions.

Depending on the position, employees may be eligible for overtime, shift differential, and a discretionary bonus in addition to base pay. Annual bonuses are designed to reward individual contributions as well as allow employees to share in company results. Employees in Vice President or Director positions may be eligible for Long Term Incentives. In addition, Northrop Grumman provides a variety of benefits including health insurance coverage, life and disability insurance, savings plan, Company paid holidays and paid time off (PTO) for vacation and/or personal business."
R10227722,NDT Tech 3 (SkillBridge),Mission and Quality Assurance,"Charlottesville, VA, US",onsite,4/16/2026,https://jobs.northropgrumman.com/careers/job/1340070935364,,,"Associates degree in Non-Destructive Testing or STEM discipline.

Previous certification to AWS B5.2 as a Welding Inspector Specialist.

Active Secret Clearance.

Experience with NAVSEA Tech Pubs and associated specifications.

Primary Level Salary Range: $57,500.00 - $95,900.00

The above salary range represents a general guideline; however, Northrop Grumman considers a number of factors when determining base salary offers such as the scope and responsibilities of the position and the candidate's experience, education, skills and current market conditions.

Depending on the position, employees may be eligible for overtime, shift differential, and a discretionary bonus in addition to base pay. Annual bonuses are designed to reward individual contributions as well as allow employees to share in company results. Employees in Vice President or Director positions may be eligible for Long Term Incentives. In addition, Northrop Grumman provides a variety of benefits including health insurance coverage, life and disability insurance, savings plan, Company paid holidays and paid time off (PTO) for vacation and/or personal business."
R10229878,Machinist 1/2,Manufacturing and Production,"Corinne, UT, US",onsite,4/16/2026,https://jobs.northropgrumman.com/careers/job/1340071305752,,,"Experience machining energetic materials a plus. Successful candidate must be able to pass a background check for the Federal Safe Explosives Act (SEA)

Curious about all the exciting developments with the Northrop Grumman Space Sector? Click the link below:

https://www.northropgrumman.com/space

Working at Northrop Grumman is more than just a paycheck. We offer a comprehensive Total Rewards and benefits package designed to help you thrive at work and in life. For more information on our Total Rewards package, please visit our Total Rewards site.

Northrop Grumman Total Rewards 

Primary Level Salary Range: $37,400.00 - $62,400.00

Secondary Level Salary Range: $44,400.00 - $74,000.00

The above salary range represents a general guideline; however, Northrop Grumman considers a number of factors when determining base salary offers such as the scope and responsibilities of the position and the candidate's experience, education, skills and current market conditions.

Depending on the position, employees may be eligible for overtime, shift differential, and a discretionary bonus in addition to base pay. Annual bonuses are designed to reward individual contributions as well as allow employees to share in company results. Employees in Vice President or Director positions may be eligible for Long Term Incentives. In addition, Northrop Grumman provides a variety of benefits including health insurance coverage, life and disability insurance, savings plan, Company paid holidays and paid time off (PTO) for vacation and/or personal business."
R10228826,Intellectual Property Paralegal,Legal,"Falls Church, VA, US; McLean, VA, US",onsite,4/16/2026,https://jobs.northropgrumman.com/careers/job/1340071044314,,"High school diploma and at least 4 years of relevant experience (law firm or corporate legal department)

Expertise in Microsoft Office software (Word, PowerPoint, Outlook, and Excel), SharePoint (or equivalent), and document review platforms

Experience using complex electronic databases, such as budget analysis and billing systems (e.g., Serengeti Legal Tracker or equivalent)

Strong written and oral communication skills, with the ability to express complex ideas clearly to various audiences across a large organization and with government agencies

Ability to execute tasks and projects independently

Demonstrated ability to build and foster effective, collaborative relationships with others

US citizenship","Familiarity with IP docketing policies and procedures, IP management software, and IP licensing practices

Exposure to database administration, including data migration and upgrade activities

Exposure to working on a project management team, including project planning, scheduling and execution

Familiarity with USPTO procedures

Bachelor’s Degree

At least 4 years of experience (law firm or corporate legal department) specializing in intellectual property

Primary Level Salary Range: $72,600.00 - $121,000.00

The above salary range represents a general guideline; however, Northrop Grumman considers a number of factors when determining base salary offers such as the scope and responsibilities of the position and the candidate's experience, education, skills and current market conditions.

Depending on the position, employees may be eligible for overtime, shift differential, and a discretionary bonus in addition to base pay. Annual bonuses are designed to reward individual contributions as well as allow employees to share in company results. Employees in Vice President or Director positions may be eligible for Long Term Incentives. In addition, Northrop Grumman provides a variety of benefits including health insurance coverage, life and disability insurance, savings plan, Company paid holidays and paid time off (PTO) for vacation and/or personal business."
R10229737,Machinist 2/3,Manufacturing and Production,"Corinne, UT, US",onsite,4/15/2026,https://jobs.northropgrumman.com/careers/job/1340071293882,,,"Experience machining energetic materials a plus. 

Successful candidate must be able to pass a background check for the Federal Safe Explosives Act (SEA)

Curious about all the exciting developments with the Northrop Grumman Space Sector? Click the link below:

https://www.northropgrumman.com/space

Working at Northrop Grumman is more than just a paycheck. We offer a comprehensive Total Rewards and benefits package designed to help you thrive at work and in life. For more information on our Total Rewards package, please visit our Total Rewards site.

Northrop Grumman Total Rewards 

Primary Level Salary Range: $44,400.00 - $74,000.00

Secondary Level Salary Range: $52,700.00 - $87,900.00

The above salary range represents a general guideline; however, Northrop Grumman considers a number of factors when determining base salary offers such as the scope and responsibilities of the position and the candidate's experience, education, skills and current market conditions.

Depending on the position, employees may be eligible for overtime, shift differential, and a discretionary bonus in addition to base pay. Annual bonuses are designed to reward individual contributions as well as allow employees to share in company results. Employees in Vice President or Director positions may be eligible for Long Term Incentives. In addition, Northrop Grumman provides a variety of benefits including health insurance coverage, life and disability insurance, savings plan, Company paid holidays and paid time off (PTO) for vacation and/or personal business."
R10229463,Administrative Assistant 3,General Administrative,"Charlottesville, VA, US",onsite,4/14/2026,https://jobs.northropgrumman.com/careers/job/1340071252161,,"High school diploma or GED and 4 years of experience working in a customer service or administrative support roleHigh proficiency with Microsoft Office Suite, primarily Outlook, Teams, PowerPoint, Excel, Word, SharePoint, having the ability to create and manipulate professional deliverablesFull mastery of digital collaboration tools (Zoom, Teams, etc.) and knowledge of protocols for virtual or hybrid gatherings, understanding features (chat, screenshare, breakout rooms), ability to troubleshoot and solve minor issues in real timeClear verbal and written communication style (correct spelling, grammar, etc.)Ability to multi-task with competing priorities in a positive mannerAbility to lift ~25 lbs. daily","Executive leadership administrative support, to include management of proprietary data and handling of sensitive informationExperience working with travel agencies and partners to coordinate itineraries for domestic and international travelExperience coordinating high-visibility meetings, and other events/activities for distributed teamsFamiliarity with Northrop Grumman-specific systems (Concur, CaterTrax, DSEA, iTRIP, Facilities Maintenance Requests, SmartBuy, etc.)Experience making catering arrangements for meetings and large eventsKnowledge of NGC resources, policies, and proceduresAbility to obtain Security ClearanceBachelors/Associates Degree

Primary Level Salary Range: $48,400.00 - $80,600.00

The above salary range represents a general guideline; however, Northrop Grumman considers a number of factors when determining base salary offers such as the scope and responsibilities of the position and the candidate's experience, education, skills and current market conditions.

Depending on the position, employees may be eligible for overtime, shift differential, and a discretionary bonus in addition to base pay. Annual bonuses are designed to reward individual contributions as well as allow employees to share in company results. Employees in Vice President or Director positions may be eligible for Long Term Incentives. In addition, Northrop Grumman provides a variety of benefits including health insurance coverage, life and disability insurance, savings plan, Company paid holidays and paid time off (PTO) for vacation and/or personal business."
R10228947,Supply Chain Technical Coordinator 2 or 3,Global Supply Chain Mult-Func,"Melbourne, FL, US",onsite,4/14/2026,https://jobs.northropgrumman.com/careers/job/1340071059321,,,"Prior experience using a forklift/reach lift/pallet jack.

Prior experience using SAP/ MES.

Hazmat or chemical handling experience.

Experience in Aerospace Manufacturing.

Active DoD Secret Clearance

Primary Level Salary Range: $19.57 - $32.64

Secondary Level Salary Range: $23.27 - $38.75

The above salary range represents a general guideline; however, Northrop Grumman considers a number of factors when determining base salary offers such as the scope and responsibilities of the position and the candidate's experience, education, skills and current market conditions.

Depending on the position, employees may be eligible for overtime, shift differential, and a discretionary bonus in addition to base pay. Annual bonuses are designed to reward individual contributions as well as allow employees to share in company results. Employees in Vice President or Director positions may be eligible for Long Term Incentives. In addition, Northrop Grumman provides a variety of benefits including health insurance coverage, life and disability insurance, savings plan, Company paid holidays and paid time off (PTO) for vacation and/or personal business."
R10229165,Electrical Engineer II,Electrical,"Chandler, AZ, US",onsite,4/9/2026,https://jobs.northropgrumman.com/careers/job/1340071176842,"Broad understanding and application of industry and company electrical engineering technical standards.Broad technical expertise and working knowledge of other related disciplines.Prepares and presents electrical engineering materials for Requirements and Design Reviews.Perform qualification acceptance testing, characterization testing, troubleshooting, and test data review of completed complex system designs.Perform data analysis to identify trends that may indicate out of tolerance or degraded part performance.Perform testing to characterize off-nominal behavior of components.Actively and effectively participates and contributes in a positive manner while supporting team decisions and goals.Makes an extra effort to provide quality internal and external customer service.Constantly seeks new sources of information and provides information necessary to meet customer needs.Disciplined with escalation when required.Derives and decomposes requirements through multiple sources of documentation and design meetings.Evaluate uncertainty and risks associated with requirements and designs.Participates in trade studies for both internal projects and procured equipment.Act with safety as your number one priority through every aspect of the role.Provides formal peer review of engineering designs or analyses for team members.",BS in Electrical Engineering and 2 Years' Experience or 0 years Experience with MastersU.S. Citizenship is requiredAbility to obtain and maintain a US DoD Secret Security clearance is required,"Active Secret Security Clearance, or higherExperience with missile systems and associated standardsPrior experience with the design, test, and/or integration and deployment of electrical components or subsystemsRelease of engineering documentation including technical drawings, specifications, and test procedures.Burndown of nonconformances and/or root cause failure analysis of electronic systems.Evaluate uncertainty and risks associated with requirements and designs.Derives and decomposes requirements through multiple sources of documentation and design meetings.Problem solving not only for technical issues, but also for schedule, cost, resource and other project challenges.Mentoring and cross-training team members across a diverse set of technologies and electrical system architectures used to meet customer requirements.Knowledgeable with the use of basic test equipment such as power supplies, oscilloscopes, DMMs, and electronic loads.Experience using analytical software tools, such as MATLAB or Python, to analyze and reduce data to identify key characteristics and trends.

Primary Level Salary Range: $77,200.00 - $115,800.00

The above salary range represents a general guideline; however, Northrop Grumman considers a number of factors when determining base salary offers such as the scope and responsibilities of the position and the candidate's experience, education, skills and current market conditions.

Depending on the position, employees may be eligible for overtime, shift differential, and a discretionary bonus in addition to base pay. Annual bonuses are designed to reward individual contributions as well as allow employees to share in company results. Employees in Vice President or Director positions may be eligible for Long Term Incentives. In addition, Northrop Grumman provides a variety of benefits including health insurance coverage, life and disability insurance, savings plan, Company paid holidays and paid time off (PTO) for vacation and/or personal business."
R10221628,Engineering Technician 2,Tech Support Mult-Func,"Elk River, MN, US",onsite,4/9/2026,https://jobs.northropgrumman.com/careers/job/1340069746151,,"High School diploma or equivalent, plus 2 years of additional education and/or related experience.2-year degree from a trade school or equivalent preferredExcellent written and verbal communications skillsAs a responsible party to ATF, obtain coverage under Safe Explosive Act as employee possessor/responsible person upon starting","3 to 5 years of experience in mechanical assembly is highly desiredHigh mechanical aptitude highly desired

Primary Level Salary Range: $51,900.00 - $86,500.00

The above salary range represents a general guideline; however, Northrop Grumman considers a number of factors when determining base salary offers such as the scope and responsibilities of the position and the candidate's experience, education, skills and current market conditions.

Depending on the position, employees may be eligible for overtime, shift differential, and a discretionary bonus in addition to base pay. Annual bonuses are designed to reward individual contributions as well as allow employees to share in company results. Employees in Vice President or Director positions may be eligible for Long Term Incentives. In addition, Northrop Grumman provides a variety of benefits including health insurance coverage, life and disability insurance, savings plan, Company paid holidays and paid time off (PTO) for vacation and/or personal business."
R10228843,Program Cost and Schedule Control Analyst,Business Management Mult-Func,"Melbourne, FL, US",onsite,4/8/2026,https://jobs.northropgrumman.com/careers/job/1340071046195,,"Bachelor's degree with 2 years experience in Business Administration, Finance, Accounting, financial analysis or industry related fields OR Master's degree

Proficient in Microsoft Office (Excel and PowerPoint)

Ability to obtain and maintain a DoD Secret Clearance within a reasonable period of time, as determined by the company to meet its business needs

Ability to work on site daily in Melbourne, FL","Understanding of Business Systems (SAP S4/Cobra)

Experience in Government Contracting with Earned Value Management (EVM)

Financial forecasting experience with EVMS or government cost reporting

Primary Level Salary Range: $65,500.00 - $98,300.00

The above salary range represents a general guideline; however, Northrop Grumman considers a number of factors when determining base salary offers such as the scope and responsibilities of the position and the candidate's experience, education, skills and current market conditions.

Depending on the position, employees may be eligible for overtime, shift differential, and a discretionary bonus in addition to base pay. Annual bonuses are designed to reward individual contributions as well as allow employees to share in company results. Employees in Vice President or Director positions may be eligible for Long Term Incentives. In addition, Northrop Grumman provides a variety of benefits including health insurance coverage, life and disability insurance, savings plan, Company paid holidays and paid time off (PTO) for vacation and/or personal business."
R10228963,INSPECTOR_B,NGC - Non - NGJF S01,"Annapolis, MD, US",onsite,4/8/2026,https://jobs.northropgrumman.com/careers/job/1340071059800,,"High School diploma or equivalent with a minimum of 2 years of inspection or manufacturing experience

Experience with reading and understanding mechanical drawings

Experience using calibrated measuring tools (calipers, micrometers, optical comparator)

Ability to obtain a DoD Secret Clearance 

US Citizenship required

Experience in visual, in-process and final dimensional inspections on tightly tolerance piece parts, subassemblies, and final assembly.","Experience with SAP

Experience operating coordinate measuring machines (CMM)

Experience with Geometric Dimensioning and Tolerancing (GD&T)

Experience with reviewing supplier test data and certification packages

What We Can Offer You:

Northrop Grumman provides a comprehensive benefits package and a work environment which encourages your growth and supports the mutual success of our people and our company. Northrop Grumman benefits give you the flexibility and control to choose the benefits that make the most sense for you and your family.

Your benefits will include the following: Health Plan, Savings Plan, Paid Time Off, and Additional Benefits including Education Assistance, Training and Development, 9/80 Work Schedule (where available), and much more!

Primary Level Salary Range: $44,825.00 - $98,131.00

The above salary range represents a general guideline; however, Northrop Grumman considers a number of factors when determining base salary offers such as the scope and responsibilities of the position and the candidate's experience, education, skills and current market conditions.

Depending on the position, employees may be eligible for overtime, shift differential, and a discretionary bonus in addition to base pay. Annual bonuses are designed to reward individual contributions as well as allow employees to share in company results. Employees in Vice President or Director positions may be eligible for Long Term Incentives. In addition, Northrop Grumman provides a variety of benefits including health insurance coverage, life and disability insurance, savings plan, Company paid holidays and paid time off (PTO) for vacation and/or personal business."
R10228598,Machinist 2/3,Manufacturing and Production,"Corinne, UT, US",onsite,4/7/2026,https://jobs.northropgrumman.com/careers/job/1340071024995,,,"Large 5-Axis machining.

Successful candidate must be able to pass a background check for the Federal Safe Explosives Act (SEA)

Curious about all the exciting developments with the Northrop Grumman Space Sector? Click the link below:

https://www.northropgrumman.com/space

Working at Northrop Grumman is more than just a paycheck. We offer a comprehensive Total Rewards and benefits package designed to help you thrive at work and in life. For more information on our Total Rewards package, please visit our Total Rewards site.

Northrop Grumman Total Rewards 

Primary Level Salary Range: $44,400.00 - $74,000.00

Secondary Level Salary Range: $52,700.00 - $87,900.00

The above salary range represents a general guideline; however, Northrop Grumman considers a number of factors when determining base salary offers such as the scope and responsibilities of the position and the candidate's experience, education, skills and current market conditions.

Depending on the position, employees may be eligible for overtime, shift differential, and a discretionary bonus in addition to base pay. Annual bonuses are designed to reward individual contributions as well as allow employees to share in company results. Employees in Vice President or Director positions may be eligible for Long Term Incentives. In addition, Northrop Grumman provides a variety of benefits including health insurance coverage, life and disability insurance, savings plan, Company paid holidays and paid time off (PTO) for vacation and/or personal business."
R10228599,Machinist 2/3,Manufacturing and Production,"Corinne, UT, US",onsite,4/7/2026,https://jobs.northropgrumman.com/careers/job/1340071024977,,,"Experience machining energetic materials a plus. 

Successful candidate must be able to pass a background check for the Federal Safe Explosives Act (SEA)

Curious about all the exciting developments with the Northrop Grumman Space Sector? Click the link below:

https://www.northropgrumman.com/space

Working at Northrop Grumman is more than just a paycheck. We offer a comprehensive Total Rewards and benefits package designed to help you thrive at work and in life. For more information on our Total Rewards package, please visit our Total Rewards site.

Northrop Grumman Total Rewards 

Primary Level Salary Range: $44,400.00 - $74,000.00

Secondary Level Salary Range: $52,700.00 - $87,900.00

The above salary range represents a general guideline; however, Northrop Grumman considers a number of factors when determining base salary offers such as the scope and responsibilities of the position and the candidate's experience, education, skills and current market conditions.

Depending on the position, employees may be eligible for overtime, shift differential, and a discretionary bonus in addition to base pay. Annual bonuses are designed to reward individual contributions as well as allow employees to share in company results. Employees in Vice President or Director positions may be eligible for Long Term Incentives. In addition, Northrop Grumman provides a variety of benefits including health insurance coverage, life and disability insurance, savings plan, Company paid holidays and paid time off (PTO) for vacation and/or personal business."
R10228159,Supply Chain Technical Coordinator C SHIFT (level 2 or level 3),Global Supply Chain Mult-Func,"Clearfield, UT, US",onsite,4/2/2026,https://jobs.northropgrumman.com/careers/job/1340070968528,,,"Experience in operating a forklift and other types of freight moving equipment.Experience with safely loading and unloading trucks.Experience with setting up shipments and/or coordinating with transportation brokers.Experience with classified white-glove shipping requirements.Experience with using an MRP system for storing and issuing inventory.Previous experience with inventory with shelf life and/or out-time controls.Experienced user of MS Office computer programs to accomplish reports, logs, and briefings.Hazmat training and experience is highly desired.

Primary Level Salary Range: $40,700.00 - $67,900.00

Secondary Level Salary Range: $48,400.00 - $80,600.00

The above salary range represents a general guideline; however, Northrop Grumman considers a number of factors when determining base salary offers such as the scope and responsibilities of the position and the candidate's experience, education, skills and current market conditions.

Depending on the position, employees may be eligible for overtime, shift differential, and a discretionary bonus in addition to base pay. Annual bonuses are designed to reward individual contributions as well as allow employees to share in company results. Employees in Vice President or Director positions may be eligible for Long Term Incentives. In addition, Northrop Grumman provides a variety of benefits including health insurance coverage, life and disability insurance, savings plan, Company paid holidays and paid time off (PTO) for vacation and/or personal business."
R10227147,Mechanical Technician 2,Tech Support Mult-Func,"Vandenberg Space Force Base, CA, US",onsite,4/1/2026,https://jobs.northropgrumman.com/careers/job/1340070928787,,"Mechanical Technician 2: High School diploma or equivalent and 2 years additional education and/or related experience

Experience in handling chemicals such as Isopropyl Alcohol and Acetone

Adept at reading drawings, process specifications, and work order instructions.

Able to obtain and maintain a DoD Secret Security clearance or SCI Access.

Willing to work any shift.","AA degree or other two-year technical degree

Familiar with Northrop Grumman Corporation processes.

Basic knowledge of Microsoft Office to supplement work order and other data requirements

Able to perform daily work in an approved integration processing facility, to include wearing ESD smocks, ordnance jackets, and other PPE.

Primary Level Salary Range: $56,000.00 - $93,400.00

The above salary range represents a general guideline; however, Northrop Grumman considers a number of factors when determining base salary offers such as the scope and responsibilities of the position and the candidate's experience, education, skills and current market conditions.

Depending on the position, employees may be eligible for overtime, shift differential, and a discretionary bonus in addition to base pay. Annual bonuses are designed to reward individual contributions as well as allow employees to share in company results. Employees in Vice President or Director positions may be eligible for Long Term Incentives. In addition, Northrop Grumman provides a variety of benefits including health insurance coverage, life and disability insurance, savings plan, Company paid holidays and paid time off (PTO) for vacation and/or personal business."
R10227790,Manufacturing - Level 2,Manufacturing and Production,"MA,US",onsite,3/31/2026,https://jobs.northropgrumman.com/careers/job/1340070945275,,"High School diploma or equivalent and 2 years additional education and/or related experience.   

No clearance required to start

Strong attention to detail

Demonstrated mechanical ability

Proficient use of basic shop arithmetic 

Able to read, write and work written instructions, blueprints, or shop drawings 

Excels in a team environment 

Initiative, self-starter, adaptable, and high motivation for excellence 

Ability to work under limited supervision","Standard computer literacy skills in Microsoft Office: Word and Excel 

Experience working in a ceramic manufacturing environment (space/satellite structures, aerospace manufacturing environment) 

Experience or familiarity with ISO requirements, standards, and compliance issues. 

Curious about all the exciting developments with the Northrop Grumman Space Sector? Click the link below:

https://www.northropgrumman.com/space

Primary Level Salary Range: $51,400.00 - $85,600.00

The above salary range represents a general guideline; however, Northrop Grumman considers a number of factors when determining base salary offers such as the scope and responsibilities of the position and the candidate's experience, education, skills and current market conditions.

Depending on the position, employees may be eligible for overtime, shift differential, and a discretionary bonus in addition to base pay. Annual bonuses are designed to reward individual contributions as well as allow employees to share in company results. Employees in Vice President or Director positions may be eligible for Long Term Incentives. In addition, Northrop Grumman provides a variety of benefits including health insurance coverage, life and disability insurance, savings plan, Company paid holidays and paid time off (PTO) for vacation and/or personal business."
R10227671,GNC Engineer: Modeling and Simulation/Scrum Master – Level 2/3 (Chandler),Systems/Architecture/Test,"Chandler, AZ, US",onsite,3/30/2026,https://jobs.northropgrumman.com/careers/job/1340070932460,,,"Guidance, Navigation, and Control (GNC): Experience working with GNC algorithms and running 6DOF/3DOF simulations on HPC clusters to model vehicle trajectory and performance.CI/CD Pipelines: Ability to create and automate simulation runs and post-processing workflows.High-Performance Computing (HPC): Proficiency with job schedulers like SLURM or PBS.Certifications: Agile Certification.Security Clearance: Active DoD Secret security clearance.

Curious about all the exciting developments with the Northrop Grumman Space Sector? Click the link below:

https://www.northropgrumman.com/space

Working at Northrop Grumman is more than just a paycheck. We offer a comprehensive Total Rewards and benefits package designed to help you thrive at work and in life. For more information on our Total Rewards package, please visit our Total Rewards site.

Northrop Grumman Total Rewards 

Primary Level Salary Range: $79,300.00 - $118,900.00

Secondary Level Salary Range: $98,400.00 - $147,600.00

The above salary range represents a general guideline; however, Northrop Grumman considers a number of factors when determining base salary offers such as the scope and responsibilities of the position and the candidate's experience, education, skills and current market conditions.

Depending on the position, employees may be eligible for overtime, shift differential, and a discretionary bonus in addition to base pay. Annual bonuses are designed to reward individual contributions as well as allow employees to share in company results. Employees in Vice President or Director positions may be eligible for Long Term Incentives. In addition, Northrop Grumman provides a variety of benefits including health insurance coverage, life and disability insurance, savings plan, Company paid holidays and paid time off (PTO) for vacation and/or personal business."
R10227675,Facilities Coordinator Level 3/4,Facilities Mult-Func,"Layton, UT, US",onsite,3/30/2026,https://jobs.northropgrumman.com/careers/job/1340070932739,"Responsibilities will include partnering with the maintenance team to source, order and procure parts and supplies for the department. This individual will be responsible for administration of the purchase requisition process which requires working closely with the supply chain and procurement personnel. This individual acts as liaison between service providers, contractors, vendors and the members of the maintenance group and supply chain personnel.

The ideal candidate thrives in building functional relationships associated with a diverse group of individuals and understanding how best to obtain MRO items and services in a demanding environment.  Our team is highly collaborative, striving to work as partners across all levels and functions including maintenance, operations, engineering, and supply chain. We find satisfaction working to solve problems that influence continuous improvement and increase performance.

The selected candidate will coordinates the construction, installation or rearrangement of equipment and building facilities and/or equipment and machinery maintenance for assigned area. Maintains contact with and directs contractor representatives and assists in resolving discrepancies in design specifications. Verifies labor expended and materials used and inspects projects for conformance to engineering standards and codes, building techniques and safety practices. Estimates percent completion of projects and advises designated individuals of cost status.

Job Duties:    

Administer purchase requisition process (PR).

Source, order and procure MRO items.

Administration of department P-card purchases.

Coordinate terms and scope of work with vendors and service providers.

Coordinate account details of vendors with Supply Chain personnel.

Examines and facilitates vendor accounts and agreements.

Assists with contractor scheduling.

Maintains contact with and helps to direct the work of service providers.

Help verify the completion and acceptance of work provided by contractors.

Also includes Tool Crib Attendant activities such as: receives, stores, and issues tools, machine tool fixtures, dies, and measuring devices.

Maintains records of tools issued to employees; takes periodic inventory and requisitions stock as needed; reports damaged, worn out, or missing equipment using computers to enter transactions, validate information and maintain database.

Cleans, oils, and performs minor repairs on equipment; disposes of surplus or obsolete equipment in accordance with established procedure.

Ensures that measuring devices are periodically calibrated","Facilities Coordinator Level 3:

High School Diploma (or equivalent) with 4 years of related work experience. 

Experience in coordinating with workers, contractors, management, and customers.

Experience with Microsoft Office applications skills including Microsoft Office, Excel, Teams.

Must have ability to work with little or no supervision.

Must have ability to obtain and maintain DoD Secret Security clearance.

Must have ability to obtain and maintain Special Program Access (PAR).

Facilities Coordinator Level 4:

High School Diploma (or equivalent) with 6 years of related work experience. 

Experience in coordinating with workers, contractors, management, and customers.

Experience with Microsoft Office applications skills including Microsoft Office, Excel, Teams.

Must have ability to work with little or no supervision.

Must have ability to obtain and maintain DoD Secret Security clearance.

Must have ability to obtain and maintain Special Program Access (PAR).","Experience with purchasing and sourcing maintenance and repair items and services.

Experience with accounting practices and statement reconciliation.

Experience working in and demonstrating lean manufacturing principles.

Experienced with continuous improvement concepts.

Experience using Maximo asset management program.

Demonstrated expertise as a maintenance technician.

Detail oriented and able to understand facility and team goals.

Excellent written and verbal communication skills.

Knowledge of the SAP system.

Excellent time management and organizational skills.

Primary Level Salary Range: $44,400.00 - $74,000.00

Secondary Level Salary Range: $52,700.00 - $87,900.00

The above salary range represents a general guideline; however, Northrop Grumman considers a number of factors when determining base salary offers such as the scope and responsibilities of the position and the candidate's experience, education, skills and current market conditions.

Depending on the position, employees may be eligible for overtime, shift differential, and a discretionary bonus in addition to base pay. Annual bonuses are designed to reward individual contributions as well as allow employees to share in company results. Employees in Vice President or Director positions may be eligible for Long Term Incentives. In addition, Northrop Grumman provides a variety of benefits including health insurance coverage, life and disability insurance, savings plan, Company paid holidays and paid time off (PTO) for vacation and/or personal business."
R10227699,Configuration Analyst,Tech Support Mult-Func,"Rocket Center, WV, US",onsite,3/30/2026,https://jobs.northropgrumman.com/careers/job/1340070933802,,,"Self-motivated and able to effectively work with all levels of the organization. Proficient in tools such as Adobe, TcUA, Costpoint/SAP, WARP, WAWF and other related CM programsKnowledge of ERP execution.DoD Active Secret clearance

Primary Level Salary Range: $65,500.00 - $98,300.00

The above salary range represents a general guideline; however, Northrop Grumman considers a number of factors when determining base salary offers such as the scope and responsibilities of the position and the candidate's experience, education, skills and current market conditions.

Depending on the position, employees may be eligible for overtime, shift differential, and a discretionary bonus in addition to base pay. Annual bonuses are designed to reward individual contributions as well as allow employees to share in company results. Employees in Vice President or Director positions may be eligible for Long Term Incentives. In addition, Northrop Grumman provides a variety of benefits including health insurance coverage, life and disability insurance, savings plan, Company paid holidays and paid time off (PTO) for vacation and/or personal business."
R10225817,U109 Drafter – Detail A – 1st Shift,NGC - Non - NGJF Union,"Baltimore, MD, US",onsite,3/27/2026,https://jobs.northropgrumman.com/careers/job/1340070613697,,,
R10224323,U107 SENSORS&SYSTEMS TECHN 3rd shift,NGC - Non - NGJF Union,"Baltimore, MD, US",onsite,3/23/2026,https://jobs.northropgrumman.com/careers/job/1340070298867,,"High School Diploma/GED.

Graduate of a two year, full time electronic technology school OR six months military electronics school plus two years working in the maintenance and repair of electro-mechanical equipment.

Experience Requirement:

Must have extensive knowledge of electronics principles.

A high degree of skill in fabrication and test of complex components, assemblies, devices, circuits and systems.

Be capable of readily adapting to changing assignments and requirements.

Be capable of meeting 09 solder certification and successfully passing pre-employment skills screening.

Must be able to obtain and maintain a Secret clearance.",
R10222651,SCA Engineering Technician 1,NGC - Non - NGJF Service Contract Act,"Warner Robins, GA, US",onsite,3/23/2026,https://jobs.northropgrumman.com/careers/job/1340069976301,,,"·          

Minimum of 2 years of repair capability experience (i.e., fabricating, repairing, and modifying complex electronic assemblies, circuit cards, shop or line replaceable units and wiring harnesses).

Experience using controlled drawings and work instructions.

Experience with the usage, assembly and repair of military grade pins, connectors, and the associated tooling.

Ability to assemble and disassemble electronic assemblies using detailed drawings, work instructions or Technical Orders.

NGSkills

Primary Level Salary Range: $17.75 - $17.75

The above salary range represents a general guideline; however, Northrop Grumman considers a number of factors when determining base salary offers such as the scope and responsibilities of the position and the candidate's experience, education, skills and current market conditions.

Depending on the position, employees may be eligible for overtime, shift differential, and a discretionary bonus in addition to base pay. Annual bonuses are designed to reward individual contributions as well as allow employees to share in company results. Employees in Vice President or Director positions may be eligible for Long Term Incentives. In addition, Northrop Grumman provides a variety of benefits including health insurance coverage, life and disability insurance, savings plan, Company paid holidays and paid time off (PTO) for vacation and/or personal business."
R10226961,Manufacturing Technician 1/2,Manufacturing and Production,"Corinne, UT, US",onsite,3/23/2026,https://jobs.northropgrumman.com/careers/job/1340070821534,,,"Experience with operating industrial equipment such as cranes, forklifts, precision measuring instruments and hand tools. Will teach as necessary.

Makes operator-controlled repairs as required. 

Large machine tool/autoclave experience OR previous experience working with phenolic materials.

Curious about all the exciting developments with the Northrop Grumman Space Sector? Click the link below:

https://www.northropgrumman.com/space

Working at Northrop Grumman is more than just a paycheck. We offer a comprehensive Total Rewards and benefits package designed to help you thrive at work and in life. For more information on our Total Rewards package, please visit our Total Rewards site.

Northrop Grumman Total Rewards 

Primary Level Salary Range: $37,400.00 - $62,400.00

The above salary range represents a general guideline; however, Northrop Grumman considers a number of factors when determining base salary offers such as the scope and responsibilities of the position and the candidate's experience, education, skills and current market conditions.

Depending on the position, employees may be eligible for overtime, shift differential, and a discretionary bonus in addition to base pay. Annual bonuses are designed to reward individual contributions as well as allow employees to share in company results. Employees in Vice President or Director positions may be eligible for Long Term Incentives. In addition, Northrop Grumman provides a variety of benefits including health insurance coverage, life and disability insurance, savings plan, Company paid holidays and paid time off (PTO) for vacation and/or personal business."
R10226708,Digital Design Engineer,Electrical,"Rolling Meadows, IL, US",onsite,3/20/2026,https://jobs.northropgrumman.com/careers/job/1340070771903,,"- Bachelors’ degree in Electrical Engineering, Computer Engineering or similar engineering discipline with a minimum of 2 years of engineering experience or a Master's degree in Electrical Engineering, Computer engineering, or similar discipline.

- Digital circuit design experience, including schematic capture through test and integration

- US Citizen

- Ability to obtain and maintain a DoD Secret security clearance","- An advanced degree in Electrical or Computer Engineering

- At least 1 year of digital electronics design experience

- Hands-on prototyping and debug experience testing complex digital subsystems, such as complex circuit card development involving FPGAs, and/or embedded processors, and/or high-speed interfaces

- Demonstrated ability to translate system performance and operational specifications into hardware requirements, design, and test specifications

- Familiarity with documentation, revision control and review systems similar to DOORS, ClearCase, and ClearQuest

- Working knowledge of Electronic Warfare systems

- Recent circuit card design experience utilizing circuit-related tools including Cadence Concept, Allegro, and/or Mentor DxDesigner, Expedition

- Working experience with ClearCase/ClearQuest and DOORS

- Proven skills to include communicating with all levels of an organization internally and externally, adaptable, creative, collaborative and comfortable working independently and enjoys solving difficult problems

- Current Secret or Top-Secret Security Clearance

Primary Level Salary Range: $87,600.00 - $131,400.00

The above salary range represents a general guideline; however, Northrop Grumman considers a number of factors when determining base salary offers such as the scope and responsibilities of the position and the candidate's experience, education, skills and current market conditions.

Depending on the position, employees may be eligible for overtime, shift differential, and a discretionary bonus in addition to base pay. Annual bonuses are designed to reward individual contributions as well as allow employees to share in company results. Employees in Vice President or Director positions may be eligible for Long Term Incentives. In addition, Northrop Grumman provides a variety of benefits including health insurance coverage, life and disability insurance, savings plan, Company paid holidays and paid time off (PTO) for vacation and/or personal business."
R10226432,Non-Destructive Test Technician 1,Mission and Quality Assurance,"Rocket Center, WV, US",onsite,3/19/2026,https://jobs.northropgrumman.com/careers/job/1340070712487,,"High School Diploma/GED with 2 years of experience

The ability to pass a background check and drug screen

The ability to work all three work shifts (1st, 2nd, and 3rd)

Strong observational skills and attention to detail to identify defects and ensure quality

Ability to obtain and maintain a security clearance as required","Certifications in NDT methods such as Ultrasonic Testing (UT) II, Radiographic Testing (RT) II, Penetrant Testing(PT) and in Eddy Current Testing (ET) II

Relevant work experience in NDT, preferably in the defense industry or similar capacities

Proficiency in various NDT techniques and equipment, ability to interpret technical drawings and specifications, and knowledge and safety protocols

Primary Level Salary Range: $40,700.00 - $67,900.00

The above salary range represents a general guideline; however, Northrop Grumman considers a number of factors when determining base salary offers such as the scope and responsibilities of the position and the candidate's experience, education, skills and current market conditions.

Depending on the position, employees may be eligible for overtime, shift differential, and a discretionary bonus in addition to base pay. Annual bonuses are designed to reward individual contributions as well as allow employees to share in company results. Employees in Vice President or Director positions may be eligible for Long Term Incentives. In addition, Northrop Grumman provides a variety of benefits including health insurance coverage, life and disability insurance, savings plan, Company paid holidays and paid time off (PTO) for vacation and/or personal business."
R10226520,Facilities Power Systems Electrical Engineer 2/3,Material/Process,"Corinne, UT, US",onsite,3/19/2026,https://jobs.northropgrumman.com/careers/job/1340070714655,,"Level 2

BS in Engineering with an emphasis in electrical/automation.2 years minimum or 0 with a Master's degree in industrial facility electrical design experience.Industrial power and control design experience.PLC systems and design experience.AutoCAD drafting ability.Ability to work in the field, climb ladders, work outside, and work in congested areas.Level 3

BS in Engineering with an emphasis in electrical/automation.5 years minimum or 3 with a Master's degree in industrial facility electrical design experience.Industrial power and control design experience.PLC systems and design experience.AutoCAD drafting ability.Ability to work in the field, climb ladders, work outside and work in congested areas.

Primary Level Salary Range: $79,300.00 - $118,900.00

Secondary Level Salary Range: $98,400.00 - $147,600.00

The above salary range represents a general guideline; however, Northrop Grumman considers a number of factors when determining base salary offers such as the scope and responsibilities of the position and the candidate's experience, education, skills and current market conditions.

Depending on the position, employees may be eligible for overtime, shift differential, and a discretionary bonus in addition to base pay. Annual bonuses are designed to reward individual contributions as well as allow employees to share in company results. Employees in Vice President or Director positions may be eligible for Long Term Incentives. In addition, Northrop Grumman provides a variety of benefits including health insurance coverage, life and disability insurance, savings plan, Company paid holidays and paid time off (PTO) for vacation and/or personal business.",
R10226441,Principal/ Sr. Principal Design Engineer - TDP (17937),Systems/Architecture/Test,"Roy, UT, US",onsite,3/19/2026,https://jobs.northropgrumman.com/careers/job/1340070712308,,,
R10226685,Sentinel – Program Cost and Schedule Control Analyst 2 or 3 (16700*),Business Management Mult-Func,"Roy, UT, US",onsite,3/19/2026,https://jobs.northropgrumman.com/careers/job/1340070759304,"Setup, monitoring, and controlling program costs and schedulesPerforming analyses and preparing reports to ensure that contracts are within negotiated and agreed-upon parametersPreparing budgets and schedules for contract workIncorporating contracts changes into control systemsEstimate and completion and forecast related activitiesPerforming miscellaneous financial analysis as required","This position may be filled at a Program Cost Schedule Control Analyst level or at a Principal Program Cost Schedule Control Analyst level

Requires a Bachelor’s degree with 2 years of experience in Business, Finance, Accounting, Cost Accounting, Aerospace and Defense, or related professional experience; a Master's degree with 1 year; or 6 years with a HS Diploma (or equivalent) may be accepted in lieu of degree (Principal level requires 5 years with a bachelor's; 3 years with a Master's; or 9 years with a HS diploma may be accepted in lieu of degree)Must be a US Citizen and able to obtain and maintain a U.S. Government DoD Secret security clearanceRequires experience with MS Office Outlook, Word, PowerPoint and Excel (Principal level should also include Pivot tables, Vlook Up, VBA and/or Macros)Requires experience with an ERP (Enterprise Resource Planning) tool, Business Intelligence and Analytics tool, Project Management and Planning tool and/or Collaboration and Integration tools.Principal level also requires 1 year experience with Earned Value Management (EVM) Principals and applying Earned Value Techniques; using EVMS Software (i.e., SAP, SAP BW, Deltek Cobra, Open Plan, MPM, Acumen One IWO, Primavera P6) (EVM Certification will be accepted in lieu of one year experience)","Active DoD Secret level security clearanceExperience in Accounting, Finance, Business Administration, Program Cost Analysis or Program SchedulingAerospace/Defense Industry experienceExperience with material cost managementEarned Value Management System (EVMS) experienceExperience working in Deltek CobraStrong analytical abilityAbility to effectively manage competing priorities and deadlinesAbility to handle multiple tasks in a fast-paced environmentExcellent problem solving and organizational skills​

Position Benefits

As a full-time employee of Northrop Grumman Defense Systems, you are eligible for our robust benefits package including:Medical, Dental & Vision coverage401kEducational AssistanceLife InsuranceEmployee Assistance Programs & Work/Life SolutionsPaid Time OffHealth & Wellness ResourcesEmployee Discounts 

This position’s standard work schedule is 9/80. The 9/80 schedule allows employees who work a nine-hour day Monday through Thursday to take every other Friday off. This role may offer a competitive relocation assistance package.

#SentinelBusMgmt

Primary Level Salary Range: $65,500.00 - $98,300.00

Secondary Level Salary Range: $81,400.00 - $122,000.00

The above salary range represents a general guideline; however, Northrop Grumman considers a number of factors when determining base salary offers such as the scope and responsibilities of the position and the candidate's experience, education, skills and current market conditions.

Depending on the position, employees may be eligible for overtime, shift differential, and a discretionary bonus in addition to base pay. Annual bonuses are designed to reward individual contributions as well as allow employees to share in company results. Employees in Vice President or Director positions may be eligible for Long Term Incentives. In addition, Northrop Grumman provides a variety of benefits including health insurance coverage, life and disability insurance, savings plan, Company paid holidays and paid time off (PTO) for vacation and/or personal business."
R10225392,SCA Engineering Technician 1,NGC - Non - NGJF Service Contract Act,"Warner Robins, GA, US",onsite,3/18/2026,https://jobs.northropgrumman.com/careers/job/1340070563710,,,"·          

Minimum of 2 years of repair capability experience (i.e., fabricating, repairing, and modifying complex electronic assemblies, circuit cards, shop or line replaceable units and wiring harnesses).

Experience using controlled drawings and work instructions.

Experience with the usage, assembly and repair of military grade pins, connectors, and the associated tooling.

Ability to assemble and disassemble electronic assemblies using detailed drawings, work instructions or Technical Orders.

NGSkills

#WRSCA

Primary Level Salary Range: $17.75 - $17.75

The above salary range represents a general guideline; however, Northrop Grumman considers a number of factors when determining base salary offers such as the scope and responsibilities of the position and the candidate's experience, education, skills and current market conditions.

Depending on the position, employees may be eligible for overtime, shift differential, and a discretionary bonus in addition to base pay. Annual bonuses are designed to reward individual contributions as well as allow employees to share in company results. Employees in Vice President or Director positions may be eligible for Long Term Incentives. In addition, Northrop Grumman provides a variety of benefits including health insurance coverage, life and disability insurance, savings plan, Company paid holidays and paid time off (PTO) for vacation and/or personal business."
R10225710,Engineering Technician  Level 2,Tech Support Mult-Func,"Gilbert, AZ, US",onsite,3/12/2026,https://jobs.northropgrumman.com/careers/job/1340070594140,"This role involves the precise fabrication, assembly, and installation of thermal insulation blankets

The ideal candidate will have strong manual dexterity, attention to detail, and experience working with specialized materials in a fast-paced environment

Fabricate custom thermal blankets based on engineering drawings, patterns, and technical specifications

Measure, cut, sew, and assemble thermal insulation materials such as reflective films and foils

Operate industrial sewing machines, hot knives, and other fabrication tools safely and accurately

Apply binding, Velcro, snaps, and other fasteners to thermal blankets as required

Perform quality control checks to ensure accuracy, proper fit, and compliance with specifications

Read and interpret technical drawings, blueprints, and schematics

Collaborate with engineering and quality teams to resolve fabrication issues or suggest improvements

Maintain a clean and organized work area and follow all safety protocols

Track materials used and maintain documentation for traceability

May assist with on-site installation or fitting of thermal blankets in equipment or systems

Hot knives and cutting tools

This Manufacturing Technician should be capable and experienced in working in a broad based manufacturing environment. Technician will work with a team of several people including Manufacturing Engineers and Production Planners. This position will ultimately report to an Operations Manager.

The candidate must work well alone and within a team environment. Must be a self-starter, self-motivated, and a team player. Familiarization with ESD, FOD, 5S, and Tool Control.","A minimum of a High School diploma/GED and a minimum of 2 years of job-related/manufacturing experience is required

Must possess good problem solving skills, organizational skills, communication skills, and work with limited supervision

Ability to work with Microsoft Office products and process documentation

Preferred Qualifications for both levels:

Aerospace Industry manufacturing experience

Experience with sewing machines or textile industries

Experience with TipQA, Costpoint, Windchill, MES, Solumina, COGNOS, or other ERP and enterprise software

Active TS/SCI clearance

Primary Level Salary Range: $27.50 - $34.00

The above salary range represents a general guideline; however, Northrop Grumman considers a number of factors when determining base salary offers such as the scope and responsibilities of the position and the candidate's experience, education, skills and current market conditions.

Depending on the position, employees may be eligible for overtime, shift differential, and a discretionary bonus in addition to base pay. Annual bonuses are designed to reward individual contributions as well as allow employees to share in company results. Employees in Vice President or Director positions may be eligible for Long Term Incentives. In addition, Northrop Grumman provides a variety of benefits including health insurance coverage, life and disability insurance, savings plan, Company paid holidays and paid time off (PTO) for vacation and/or personal business.",
R10225612,Manufacturing Technician 1 or Manufacturing Technician 2,Manufacturing and Production,"Santa Rosa, CA, US",onsite,3/11/2026,https://jobs.northropgrumman.com/careers/job/1340070589717,,"Manufacturing Technician 1: High School diploma or equivalent and 0 years’ experience

Manufacturing Technician 2: High School diploma or equivalent and 2 years’ experience in Thin Film Coating or related environment

Ability to adapt quickly to new technologies and methods

Attention to detail

Shift flexibility a must

Good math and written/verbal communication skills

Ability to navigate and operate within a Microsoft Office Environment (Word, PowerPoint, and Excel)

Demonstrate Mechanical Ability

Candidate must be able to obtain and maintain a security clearance","2 years’ experience in Thin Film Coating

Ideal candidate will have completed college-level classes in math and science

Proficient with computer programs to collect and evaluate operating data (i.e. Spectral Eval, TF Calc, LabView and Microsoft Office Suite)

Active DoD Secret clearance

Primary Level Salary Range: $43,400.00 - $72,300.00

Secondary Level Salary Range: $51,400.00 - $85,600.00

The above salary range represents a general guideline; however, Northrop Grumman considers a number of factors when determining base salary offers such as the scope and responsibilities of the position and the candidate's experience, education, skills and current market conditions.

Depending on the position, employees may be eligible for overtime, shift differential, and a discretionary bonus in addition to base pay. Annual bonuses are designed to reward individual contributions as well as allow employees to share in company results. Employees in Vice President or Director positions may be eligible for Long Term Incentives. In addition, Northrop Grumman provides a variety of benefits including health insurance coverage, life and disability insurance, savings plan, Company paid holidays and paid time off (PTO) for vacation and/or personal business."
R10225275,Manufacturing Systems Engineer,Systems/Architecture/Test,"Mesa, AZ, US",onsite,3/10/2026,https://jobs.northropgrumman.com/careers/job/1340070544604,,"Bachelor’s degree plus 2 years of experience, a Master’s degree plus 0 years of experience, or a PhD plus 0 years of experience

Engineering experience in supporting a production environment

Experience working with Manufacturing Systems software (ERP, MRP, MES)

Proven partnership/collaboration skills and ability to partner with cross functional disciplines within a team

Exceptional communication skills (verbal, written, presentation)","Experience with MES and/or software that maintains routings and production data

Experience with MRP software (SAP, CostPoint, etc)

Experience with PLM Software (Teamcenter, Windchill, etc)

Experience with using 3D modeling software (Solidworks, NX, Pro-E, etc)

Experience working with Aerospace/Military standards and implementation of standards across cross-functional teams

Primary Level Salary Range: $79,300.00 - $118,900.00

The above salary range represents a general guideline; however, Northrop Grumman considers a number of factors when determining base salary offers such as the scope and responsibilities of the position and the candidate's experience, education, skills and current market conditions.

Depending on the position, employees may be eligible for overtime, shift differential, and a discretionary bonus in addition to base pay. Annual bonuses are designed to reward individual contributions as well as allow employees to share in company results. Employees in Vice President or Director positions may be eligible for Long Term Incentives. In addition, Northrop Grumman provides a variety of benefits including health insurance coverage, life and disability insurance, savings plan, Company paid holidays and paid time off (PTO) for vacation and/or personal business."
R10224990,U103 Janitor B,NGC - Non - NGJF Union,"Sunnyvale, CA, US",onsite,3/9/2026,https://jobs.northropgrumman.com/careers/job/1340070482449,,,
R10219118,Entry Level Operator(Union),NGC - Non - NGJF Union,"Rocket Center, WV, US",onsite,2/24/2026,https://jobs.northropgrumman.com/careers/job/1340069399382,,"High school Diploma or equivalentThe ability to pass a drug screen and background check prior to starting.The ability to work any of the 3 shifts is required as shift preference is determined by seniority, coming in lowest in seniority will most likely require starting on an off shift.The ability to work up to 20 hours of overtime per week if required.The ability to obtain a security clearance if necessary.",Previous Manufacturing experienceExperience with shift work
R10221540,Aircraft Sheet Metal Technician 2 or 3 Days Nights Weekends,Flight Operations Mult-Func,"Lake Charles, LA, US",onsite,2/11/2026,https://jobs.northropgrumman.com/careers/job/1340069883696,,"This position may be filled as a level 2 or level 3 pay grade depending on the candidate’s experience and/or years of experience.

Level 2 - High School diploma or equivalent and a minimum of 2 year of sheet metal fabrication experience.

Level 3- High School diploma or equivalent and a minimum of 4 years of sheet metal fabrication experience.

Ability to wear a respirator and other safety gear.

Ability to rotate/work shifts as required by the program.

Ability to follow written, electronic and verbal instructions and work with minimal supervision.

Ability to obtain/maintain a Clearance if the requirements change.","Advanced knowledge of flat pattern layout and sheet metal brake operation.

Advanced knowledge in hand forming sheet metal with shrinker stretcher, rollers.

Advanced knowledge of form block building and hammer forming and straitening parts.

#LCSpring2026

Primary Level Salary Range: $52,700.00 - $87,900.00

Secondary Level Salary Range: $0.00 - $0.00

The above salary range represents a general guideline; however, Northrop Grumman considers a number of factors when determining base salary offers such as the scope and responsibilities of the position and the candidate's experience, education, skills and current market conditions.

Depending on the position, employees may be eligible for overtime, shift differential, and a discretionary bonus in addition to base pay. Annual bonuses are designed to reward individual contributions as well as allow employees to share in company results. Employees in Vice President or Director positions may be eligible for Long Term Incentives. In addition, Northrop Grumman provides a variety of benefits including health insurance coverage, life and disability insurance, savings plan, Company paid holidays and paid time off (PTO) for vacation and/or personal business."
R10222529,Utilities Operator,NGC - Non - NGJF Union,"Rocket Center, WV, US",onsite,2/11/2026,https://jobs.northropgrumman.com/careers/job/1340069951892,,"For Class 1 Utility Operator:

High School Diploma/GED requiredClass S Waster Water certification required within 1 yearClass II water license requiredA minimum of 2 years’ experience operating natural gas and oil-fired boilers and experience with steam boilers is preferred.4 years of experience operating potable water treatment plants, and/or 4 years’ experience operating waster plants, collecting water and wastewater samples while using proper techniques while maintaining proper records.

For Class 2 Utility Operator:

High School Diploma/GED requiredA minimum of 2 years’ experience operating natural gas and oil-fired boilers and experience with steam boilers is preferred. OR 4 years of experience operating potable water treatment plants, and/or 4 years’ experience operating waster plants, collecting water and wastewater samples while using proper techniques while maintaining proper records.Class S Waster Water certification is required within 1 year. Class II water license required.",
R10219264,Information Governance Paralegal,Legal,"Falls Church, VA, US; McLean, VA, US",onsite,1/20/2026,https://jobs.northropgrumman.com/careers/job/1340069404620,,"High school diploma and at least 4 years of relevant experience (law firm or corporate legal department)Expertise in Microsoft Office software (Word, PowerPoint, Outlook, and Excel), SharePoint (or equivalent), and document review platformsExperience using complex electronic databases, such as budget analysis and billing systems (e.g., Serengeti Legal Tracker or equivalent)Strong written and oral communication skills with the ability to express complex ideas clearly to various audiences across a large organization and with government agenciesAbility to execute tasks and projects independentlyDemonstrated ability to build and foster effective, collaborative relationships with othersUS citizenshipPreferred Qualifications:

Experience or knowledge in one of the following areas: 1) information governance practices, 2) intellectual property matters (e.g., patents, trademarks, licensing and related support), or 3) cybersecurity and privacy law principes (e.g., NIST RMF, ISO 270001, GDPR, CCPA/CPRA, ISO 270001)Familiarity with legal management, IP docketing, or data management softwareFamiliarity with technology contracts or IP licensingBachelor’s DegreeAt least 4 years of experience (law firm or corporate legal department) Relevant certifications (e.g., CIPP, CIPM, CSSP) are a plus

Primary Level Salary Range: $68,600.00 - $114,400.00

The above salary range represents a general guideline; however, Northrop Grumman considers a number of factors when determining base salary offers such as the scope and responsibilities of the position and the candidate's experience, education, skills and current market conditions.

Depending on the position, employees may be eligible for overtime, shift differential, and a discretionary bonus in addition to base pay. Annual bonuses are designed to reward individual contributions as well as allow employees to share in company results. Employees in Vice President or Director positions may be eligible for Long Term Incentives. In addition, Northrop Grumman provides a variety of benefits including health insurance coverage, life and disability insurance, savings plan, Company paid holidays and paid time off (PTO) for vacation and/or personal business.",
R10212196,Entry Level Machinist,NGC - Non - NGJF Union,"Rocket Center, WV, US",onsite,10/23/2025,https://jobs.northropgrumman.com/careers/job/1340068405313,,High School Diploma/GED.2 years of experience operating manual and/or CNC metal machining equipment and/or the successful completion of an approved machinist training program.The ability to work all three shifts.The ability to work overtime as required.,
